ticker,isin,company_name,company_type_profile,kpi_name,kpi_tier,kpi_required_status,score_audit_value,evidence_applied_value,profiled_master_value,source_layer,source_name,source_type,source_reference,source_as_of_date,review_status,applied_status,provenance_status,reason_code
IE00BP3QZ825,IE00BP3QZ825,iShsIV-Edge MSCI Wo.Mo.F.U.ETF Registered Shares USD (Acc)o.N,OTHER,buyback_yield,ADVANCED_OPTIONAL,ADVANCED_OPTIONAL,,,,NOT_APPLICABLE,,,,,,,NOT_APPLICABLE,PROFILE_NOT_STANDARD
IE00BP3QZ825,IE00BP3QZ825,iShsIV-Edge MSCI Wo.Mo.F.U.ETF Registered Shares USD (Acc)o.N,OTHER,dividend_cagr_5y,UNKNOWN,UNKNOWN,,,,NOT_APPLICABLE,,,,,,,NOT_APPLICABLE,PROFILE_NOT_STANDARD
IE00BP3QZ825,IE00BP3QZ825,iShsIV-Edge MSCI Wo.Mo.F.U.ETF Registered Shares USD (Acc)o.N,OTHER,dividend_streak_years,UNKNOWN,UNKNOWN,,,,NOT_APPLICABLE,,,,,,,NOT_APPLICABLE,PROFILE_NOT_STANDARD
IE00BP3QZ825,IE00BP3QZ825,iShsIV-Edge MSCI Wo.Mo.F.U.ETF Registered Shares USD (Acc)o.N,OTHER,dividend_yield_current_pct,UNKNOWN,UNKNOWN,,,,NOT_APPLICABLE,,,,,,,NOT_APPLICABLE,PROFILE_NOT_STANDARD
IE00BP3QZ825,IE00BP3QZ825,iShsIV-Edge MSCI Wo.Mo.F.U.ETF Registered Shares USD (Acc)o.N,OTHER,dividend_yield_hist_pct,UNKNOWN,UNKNOWN,,,,NOT_APPLICABLE,,,,,,,NOT_APPLICABLE,PROFILE_NOT_STANDARD
IE00BP3QZ825,IE00BP3QZ825,iShsIV-Edge MSCI Wo.Mo.F.U.ETF Registered Shares USD (Acc)o.N,OTHER,drawdown_from_high_pct,UNKNOWN,UNKNOWN,,,,NOT_APPLICABLE,,,,,,,NOT_APPLICABLE,PROFILE_NOT_STANDARD
IE00BP3QZ825,IE00BP3QZ825,iShsIV-Edge MSCI Wo.Mo.F.U.ETF Registered Shares USD (Acc)o.N,OTHER,eps_cagr_5y,CORE_QUALITY_REQUIRED,CORE_QUALITY_REQUIRED,,,,NOT_APPLICABLE,,,,,,,NOT_APPLICABLE,PROFILE_NOT_STANDARD
IE00BP3QZ825,IE00BP3QZ825,iShsIV-Edge MSCI Wo.Mo.F.U.ETF Registered Shares USD (Acc)o.N,OTHER,ev_ebit_current,UNKNOWN,UNKNOWN,,,,NOT_APPLICABLE,,,,,,,NOT_APPLICABLE,PROFILE_NOT_STANDARD
IE00BP3QZ825,IE00BP3QZ825,iShsIV-Edge MSCI Wo.Mo.F.U.ETF Registered Shares USD (Acc)o.N,OTHER,ev_ebit_hist,UNKNOWN,UNKNOWN,,,,NOT_APPLICABLE,,,,,,,NOT_APPLICABLE,PROFILE_NOT_STANDARD
IE00BP3QZ825,IE00BP3QZ825,iShsIV-Edge MSCI Wo.Mo.F.U.ETF Registered Shares USD (Acc)o.N,OTHER,expected_return_pct,UNKNOWN,UNKNOWN,,,,NOT_APPLICABLE,,,,,,,NOT_APPLICABLE,PROFILE_NOT_STANDARD
IE00BP3QZ825,IE00BP3QZ825,iShsIV-Edge MSCI Wo.Mo.F.U.ETF Registered Shares USD (Acc)o.N,OTHER,fcf_margin,DIVIDEND_FCF_REQUIRED,DIVIDEND_FCF_REQUIRED,,,,NOT_APPLICABLE,,,,,,,NOT_APPLICABLE,PROFILE_NOT_STANDARD
IE00BP3QZ825,IE00BP3QZ825,iShsIV-Edge MSCI Wo.Mo.F.U.ETF Registered Shares USD (Acc)o.N,OTHER,fcf_per_share_cagr_5y,DIVIDEND_FCF_REQUIRED,DIVIDEND_FCF_REQUIRED,,,,NOT_APPLICABLE,,,,,,,NOT_APPLICABLE,PROFILE_NOT_STANDARD
IE00BP3QZ825,IE00BP3QZ825,iShsIV-Edge MSCI Wo.Mo.F.U.ETF Registered Shares USD (Acc)o.N,OTHER,fcf_yield_current_pct,UNKNOWN,UNKNOWN,,,,NOT_APPLICABLE,,,,,,,NOT_APPLICABLE,PROFILE_NOT_STANDARD
IE00BP3QZ825,IE00BP3QZ825,iShsIV-Edge MSCI Wo.Mo.F.U.ETF Registered Shares USD (Acc)o.N,OTHER,fcf_yield_hist_pct,UNKNOWN,UNKNOWN,,,,NOT_APPLICABLE,,,,,,,NOT_APPLICABLE,PROFILE_NOT_STANDARD
IE00BP3QZ825,IE00BP3QZ825,iShsIV-Edge MSCI Wo.Mo.F.U.ETF Registered Shares USD (Acc)o.N,OTHER,gross_margin,CORE_QUALITY_REQUIRED,CORE_QUALITY_REQUIRED,,,,NOT_APPLICABLE,,,,,,,NOT_APPLICABLE,PROFILE_NOT_STANDARD
IE00BP3QZ825,IE00BP3QZ825,iShsIV-Edge MSCI Wo.Mo.F.U.ETF Registered Shares USD (Acc)o.N,OTHER,interest_coverage,ADVANCED_OPTIONAL,ADVANCED_OPTIONAL,,,,NOT_APPLICABLE,,,,,,,NOT_APPLICABLE,PROFILE_NOT_STANDARD
IE00BP3QZ825,IE00BP3QZ825,iShsIV-Edge MSCI Wo.Mo.F.U.ETF Registered Shares USD (Acc)o.N,OTHER,net_debt_to_ebitda,ADVANCED_OPTIONAL,ADVANCED_OPTIONAL,,,,NOT_APPLICABLE,,,,,,,NOT_APPLICABLE,PROFILE_NOT_STANDARD
IE00BP3QZ825,IE00BP3QZ825,iShsIV-Edge MSCI Wo.Mo.F.U.ETF Registered Shares USD (Acc)o.N,OTHER,normalized_fcf_yield_pct,VALUATION_REQUIRED,VALUATION_REQUIRED,,,,NOT_APPLICABLE,,,,,,,NOT_APPLICABLE,PROFILE_NOT_STANDARD
IE00BP3QZ825,IE00BP3QZ825,iShsIV-Edge MSCI Wo.Mo.F.U.ETF Registered Shares USD (Acc)o.N,OTHER,operating_margin,CORE_QUALITY_REQUIRED,CORE_QUALITY_REQUIRED,,,,NOT_APPLICABLE,,,,,,,NOT_APPLICABLE,PROFILE_NOT_STANDARD
IE00BP3QZ825,IE00BP3QZ825,iShsIV-Edge MSCI Wo.Mo.F.U.ETF Registered Shares USD (Acc)o.N,OTHER,payout_ratio_eps,UNKNOWN,UNKNOWN,,,,NOT_APPLICABLE,,,,,,,NOT_APPLICABLE,PROFILE_NOT_STANDARD
IE00BP3QZ825,IE00BP3QZ825,iShsIV-Edge MSCI Wo.Mo.F.U.ETF Registered Shares USD (Acc)o.N,OTHER,payout_ratio_fcf,DIVIDEND_FCF_REQUIRED,DIVIDEND_FCF_REQUIRED,,,,NOT_APPLICABLE,,,,,,,NOT_APPLICABLE,PROFILE_NOT_STANDARD
IE00BP3QZ825,IE00BP3QZ825,iShsIV-Edge MSCI Wo.Mo.F.U.ETF Registered Shares USD (Acc)o.N,OTHER,pe_current,UNKNOWN,UNKNOWN,,,,NOT_APPLICABLE,,,,,,,NOT_APPLICABLE,PROFILE_NOT_STANDARD
IE00BP3QZ825,IE00BP3QZ825,iShsIV-Edge MSCI Wo.Mo.F.U.ETF Registered Shares USD (Acc)o.N,OTHER,pe_hist,UNKNOWN,UNKNOWN,,,,NOT_APPLICABLE,,,,,,,NOT_APPLICABLE,PROFILE_NOT_STANDARD
IE00BP3QZ825,IE00BP3QZ825,iShsIV-Edge MSCI Wo.Mo.F.U.ETF Registered Shares USD (Acc)o.N,OTHER,revenue_cagr_5y,CORE_QUALITY_REQUIRED,CORE_QUALITY_REQUIRED,,,,NOT_APPLICABLE,,,,,,,NOT_APPLICABLE,PROFILE_NOT_STANDARD
IE00BP3QZ825,IE00BP3QZ825,iShsIV-Edge MSCI Wo.Mo.F.U.ETF Registered Shares USD (Acc)o.N,OTHER,roce,ADVANCED_OPTIONAL,ADVANCED_OPTIONAL,,,,NOT_APPLICABLE,,,,,,,NOT_APPLICABLE,PROFILE_NOT_STANDARD
IE00BP3QZ825,IE00BP3QZ825,iShsIV-Edge MSCI Wo.Mo.F.U.ETF Registered Shares USD (Acc)o.N,OTHER,roic,ADVANCED_OPTIONAL,ADVANCED_OPTIONAL,,,,NOT_APPLICABLE,,,,,,,NOT_APPLICABLE,PROFILE_NOT_STANDARD
IE00BP3QZ825,IE00BP3QZ825,iShsIV-Edge MSCI Wo.Mo.F.U.ETF Registered Shares USD (Acc)o.N,OTHER,share_count_cagr_5y,CORE_QUALITY_REQUIRED,CORE_QUALITY_REQUIRED,,,,NOT_APPLICABLE,,,,,,,NOT_APPLICABLE,PROFILE_NOT_STANDARD
IE00BP3QZ825,IE00BP3QZ825,iShsIV-Edge MSCI Wo.Mo.F.U.ETF Registered Shares USD (Acc)o.N,OTHER,target_fcf_yield_pct,VALUATION_REQUIRED,VALUATION_REQUIRED,,,,NOT_APPLICABLE,,,,,,,NOT_APPLICABLE,PROFILE_NOT_STANDARD
NL0010273215,NL0010273215,"ASML Holding N.V. Aandelen op naam EO -,09",OTHER,buyback_yield,ADVANCED_OPTIONAL,ADVANCED_OPTIONAL,,,,NOT_APPLICABLE,,,,,,,NOT_APPLICABLE,PROFILE_NOT_STANDARD
NL0010273215,NL0010273215,"ASML Holding N.V. Aandelen op naam EO -,09",OTHER,dividend_cagr_5y,UNKNOWN,UNKNOWN,,,,NOT_APPLICABLE,,,,,,,NOT_APPLICABLE,PROFILE_NOT_STANDARD
NL0010273215,NL0010273215,"ASML Holding N.V. Aandelen op naam EO -,09",OTHER,dividend_streak_years,UNKNOWN,UNKNOWN,,,,NOT_APPLICABLE,,,,,,,NOT_APPLICABLE,PROFILE_NOT_STANDARD
NL0010273215,NL0010273215,"ASML Holding N.V. Aandelen op naam EO -,09",OTHER,dividend_yield_current_pct,UNKNOWN,UNKNOWN,,,,NOT_APPLICABLE,,,,,,,NOT_APPLICABLE,PROFILE_NOT_STANDARD
NL0010273215,NL0010273215,"ASML Holding N.V. Aandelen op naam EO -,09",OTHER,dividend_yield_hist_pct,UNKNOWN,UNKNOWN,,,,NOT_APPLICABLE,,,,,,,NOT_APPLICABLE,PROFILE_NOT_STANDARD
NL0010273215,NL0010273215,"ASML Holding N.V. Aandelen op naam EO -,09",OTHER,drawdown_from_high_pct,UNKNOWN,UNKNOWN,,,,NOT_APPLICABLE,,,,,,,NOT_APPLICABLE,PROFILE_NOT_STANDARD
NL0010273215,NL0010273215,"ASML Holding N.V. Aandelen op naam EO -,09",OTHER,eps_cagr_5y,CORE_QUALITY_REQUIRED,CORE_QUALITY_REQUIRED,,,,NOT_APPLICABLE,,,,,,,NOT_APPLICABLE,PROFILE_NOT_STANDARD
NL0010273215,NL0010273215,"ASML Holding N.V. Aandelen op naam EO -,09",OTHER,ev_ebit_current,UNKNOWN,UNKNOWN,,,,NOT_APPLICABLE,,,,,,,NOT_APPLICABLE,PROFILE_NOT_STANDARD
NL0010273215,NL0010273215,"ASML Holding N.V. Aandelen op naam EO -,09",OTHER,ev_ebit_hist,UNKNOWN,UNKNOWN,,,,NOT_APPLICABLE,,,,,,,NOT_APPLICABLE,PROFILE_NOT_STANDARD
NL0010273215,NL0010273215,"ASML Holding N.V. Aandelen op naam EO -,09",OTHER,expected_return_pct,UNKNOWN,UNKNOWN,,,,NOT_APPLICABLE,,,,,,,NOT_APPLICABLE,PROFILE_NOT_STANDARD
NL0010273215,NL0010273215,"ASML Holding N.V. Aandelen op naam EO -,09",OTHER,fcf_margin,DIVIDEND_FCF_REQUIRED,DIVIDEND_FCF_REQUIRED,,,,NOT_APPLICABLE,,,,,,,NOT_APPLICABLE,PROFILE_NOT_STANDARD
NL0010273215,NL0010273215,"ASML Holding N.V. Aandelen op naam EO -,09",OTHER,fcf_per_share_cagr_5y,DIVIDEND_FCF_REQUIRED,DIVIDEND_FCF_REQUIRED,,,,NOT_APPLICABLE,,,,,,,NOT_APPLICABLE,PROFILE_NOT_STANDARD
NL0010273215,NL0010273215,"ASML Holding N.V. Aandelen op naam EO -,09",OTHER,fcf_yield_current_pct,UNKNOWN,UNKNOWN,,,,NOT_APPLICABLE,,,,,,,NOT_APPLICABLE,PROFILE_NOT_STANDARD
NL0010273215,NL0010273215,"ASML Holding N.V. Aandelen op naam EO -,09",OTHER,fcf_yield_hist_pct,UNKNOWN,UNKNOWN,,,,NOT_APPLICABLE,,,,,,,NOT_APPLICABLE,PROFILE_NOT_STANDARD
NL0010273215,NL0010273215,"ASML Holding N.V. Aandelen op naam EO -,09",OTHER,gross_margin,CORE_QUALITY_REQUIRED,CORE_QUALITY_REQUIRED,,,,NOT_APPLICABLE,,,,,,,NOT_APPLICABLE,PROFILE_NOT_STANDARD
NL0010273215,NL0010273215,"ASML Holding N.V. Aandelen op naam EO -,09",OTHER,interest_coverage,ADVANCED_OPTIONAL,ADVANCED_OPTIONAL,,,,NOT_APPLICABLE,,,,,,,NOT_APPLICABLE,PROFILE_NOT_STANDARD
NL0010273215,NL0010273215,"ASML Holding N.V. Aandelen op naam EO -,09",OTHER,net_debt_to_ebitda,ADVANCED_OPTIONAL,ADVANCED_OPTIONAL,,,,NOT_APPLICABLE,,,,,,,NOT_APPLICABLE,PROFILE_NOT_STANDARD
NL0010273215,NL0010273215,"ASML Holding N.V. Aandelen op naam EO -,09",OTHER,normalized_fcf_yield_pct,VALUATION_REQUIRED,VALUATION_REQUIRED,,,,NOT_APPLICABLE,,,,,,,NOT_APPLICABLE,PROFILE_NOT_STANDARD
NL0010273215,NL0010273215,"ASML Holding N.V. Aandelen op naam EO -,09",OTHER,operating_margin,CORE_QUALITY_REQUIRED,CORE_QUALITY_REQUIRED,,,,NOT_APPLICABLE,,,,,,,NOT_APPLICABLE,PROFILE_NOT_STANDARD
NL0010273215,NL0010273215,"ASML Holding N.V. Aandelen op naam EO -,09",OTHER,payout_ratio_eps,UNKNOWN,UNKNOWN,,,,NOT_APPLICABLE,,,,,,,NOT_APPLICABLE,PROFILE_NOT_STANDARD
NL0010273215,NL0010273215,"ASML Holding N.V. Aandelen op naam EO -,09",OTHER,payout_ratio_fcf,DIVIDEND_FCF_REQUIRED,DIVIDEND_FCF_REQUIRED,,,,NOT_APPLICABLE,,,,,,,NOT_APPLICABLE,PROFILE_NOT_STANDARD
NL0010273215,NL0010273215,"ASML Holding N.V. Aandelen op naam EO -,09",OTHER,pe_current,UNKNOWN,UNKNOWN,,,,NOT_APPLICABLE,,,,,,,NOT_APPLICABLE,PROFILE_NOT_STANDARD
NL0010273215,NL0010273215,"ASML Holding N.V. Aandelen op naam EO -,09",OTHER,pe_hist,UNKNOWN,UNKNOWN,,,,NOT_APPLICABLE,,,,,,,NOT_APPLICABLE,PROFILE_NOT_STANDARD
NL0010273215,NL0010273215,"ASML Holding N.V. Aandelen op naam EO -,09",OTHER,revenue_cagr_5y,CORE_QUALITY_REQUIRED,CORE_QUALITY_REQUIRED,,,,NOT_APPLICABLE,,,,,,,NOT_APPLICABLE,PROFILE_NOT_STANDARD
NL0010273215,NL0010273215,"ASML Holding N.V. Aandelen op naam EO -,09",OTHER,roce,ADVANCED_OPTIONAL,ADVANCED_OPTIONAL,,,,NOT_APPLICABLE,,,,,,,NOT_APPLICABLE,PROFILE_NOT_STANDARD
NL0010273215,NL0010273215,"ASML Holding N.V. Aandelen op naam EO -,09",OTHER,roic,ADVANCED_OPTIONAL,ADVANCED_OPTIONAL,,,,NOT_APPLICABLE,,,,,,,NOT_APPLICABLE,PROFILE_NOT_STANDARD
NL0010273215,NL0010273215,"ASML Holding N.V. Aandelen op naam EO -,09",OTHER,share_count_cagr_5y,CORE_QUALITY_REQUIRED,CORE_QUALITY_REQUIRED,,,,NOT_APPLICABLE,,,,,,,NOT_APPLICABLE,PROFILE_NOT_STANDARD
NL0010273215,NL0010273215,"ASML Holding N.V. Aandelen op naam EO -,09",OTHER,target_fcf_yield_pct,VALUATION_REQUIRED,VALUATION_REQUIRED,,,,NOT_APPLICABLE,,,,,,,NOT_APPLICABLE,PROFILE_NOT_STANDARD
NL0012817175,NL0012817175,"Alfen N.V. Registered Shares EO -,10",OTHER,buyback_yield,ADVANCED_OPTIONAL,ADVANCED_OPTIONAL,,,,NOT_APPLICABLE,,,,,,,NOT_APPLICABLE,PROFILE_NOT_STANDARD
NL0012817175,NL0012817175,"Alfen N.V. Registered Shares EO -,10",OTHER,dividend_cagr_5y,UNKNOWN,UNKNOWN,,,,NOT_APPLICABLE,,,,,,,NOT_APPLICABLE,PROFILE_NOT_STANDARD
NL0012817175,NL0012817175,"Alfen N.V. Registered Shares EO -,10",OTHER,dividend_streak_years,UNKNOWN,UNKNOWN,,,,NOT_APPLICABLE,,,,,,,NOT_APPLICABLE,PROFILE_NOT_STANDARD
NL0012817175,NL0012817175,"Alfen N.V. Registered Shares EO -,10",OTHER,dividend_yield_current_pct,UNKNOWN,UNKNOWN,,,,NOT_APPLICABLE,,,,,,,NOT_APPLICABLE,PROFILE_NOT_STANDARD
NL0012817175,NL0012817175,"Alfen N.V. Registered Shares EO -,10",OTHER,dividend_yield_hist_pct,UNKNOWN,UNKNOWN,,,,NOT_APPLICABLE,,,,,,,NOT_APPLICABLE,PROFILE_NOT_STANDARD
NL0012817175,NL0012817175,"Alfen N.V. Registered Shares EO -,10",OTHER,drawdown_from_high_pct,UNKNOWN,UNKNOWN,,,,NOT_APPLICABLE,,,,,,,NOT_APPLICABLE,PROFILE_NOT_STANDARD
NL0012817175,NL0012817175,"Alfen N.V. Registered Shares EO -,10",OTHER,eps_cagr_5y,CORE_QUALITY_REQUIRED,CORE_QUALITY_REQUIRED,,,,NOT_APPLICABLE,,,,,,,NOT_APPLICABLE,PROFILE_NOT_STANDARD
NL0012817175,NL0012817175,"Alfen N.V. Registered Shares EO -,10",OTHER,ev_ebit_current,UNKNOWN,UNKNOWN,,,,NOT_APPLICABLE,,,,,,,NOT_APPLICABLE,PROFILE_NOT_STANDARD
NL0012817175,NL0012817175,"Alfen N.V. Registered Shares EO -,10",OTHER,ev_ebit_hist,UNKNOWN,UNKNOWN,,,,NOT_APPLICABLE,,,,,,,NOT_APPLICABLE,PROFILE_NOT_STANDARD
NL0012817175,NL0012817175,"Alfen N.V. Registered Shares EO -,10",OTHER,expected_return_pct,UNKNOWN,UNKNOWN,,,,NOT_APPLICABLE,,,,,,,NOT_APPLICABLE,PROFILE_NOT_STANDARD
NL0012817175,NL0012817175,"Alfen N.V. Registered Shares EO -,10",OTHER,fcf_margin,DIVIDEND_FCF_REQUIRED,DIVIDEND_FCF_REQUIRED,,,,NOT_APPLICABLE,,,,,,,NOT_APPLICABLE,PROFILE_NOT_STANDARD
NL0012817175,NL0012817175,"Alfen N.V. Registered Shares EO -,10",OTHER,fcf_per_share_cagr_5y,DIVIDEND_FCF_REQUIRED,DIVIDEND_FCF_REQUIRED,,,,NOT_APPLICABLE,,,,,,,NOT_APPLICABLE,PROFILE_NOT_STANDARD
NL0012817175,NL0012817175,"Alfen N.V. Registered Shares EO -,10",OTHER,fcf_yield_current_pct,UNKNOWN,UNKNOWN,,,,NOT_APPLICABLE,,,,,,,NOT_APPLICABLE,PROFILE_NOT_STANDARD
NL0012817175,NL0012817175,"Alfen N.V. Registered Shares EO -,10",OTHER,fcf_yield_hist_pct,UNKNOWN,UNKNOWN,,,,NOT_APPLICABLE,,,,,,,NOT_APPLICABLE,PROFILE_NOT_STANDARD
NL0012817175,NL0012817175,"Alfen N.V. Registered Shares EO -,10",OTHER,gross_margin,CORE_QUALITY_REQUIRED,CORE_QUALITY_REQUIRED,,,,NOT_APPLICABLE,,,,,,,NOT_APPLICABLE,PROFILE_NOT_STANDARD
NL0012817175,NL0012817175,"Alfen N.V. Registered Shares EO -,10",OTHER,interest_coverage,ADVANCED_OPTIONAL,ADVANCED_OPTIONAL,,,,NOT_APPLICABLE,,,,,,,NOT_APPLICABLE,PROFILE_NOT_STANDARD
NL0012817175,NL0012817175,"Alfen N.V. Registered Shares EO -,10",OTHER,net_debt_to_ebitda,ADVANCED_OPTIONAL,ADVANCED_OPTIONAL,,,,NOT_APPLICABLE,,,,,,,NOT_APPLICABLE,PROFILE_NOT_STANDARD
NL0012817175,NL0012817175,"Alfen N.V. Registered Shares EO -,10",OTHER,normalized_fcf_yield_pct,VALUATION_REQUIRED,VALUATION_REQUIRED,,,,NOT_APPLICABLE,,,,,,,NOT_APPLICABLE,PROFILE_NOT_STANDARD
NL0012817175,NL0012817175,"Alfen N.V. Registered Shares EO -,10",OTHER,operating_margin,CORE_QUALITY_REQUIRED,CORE_QUALITY_REQUIRED,,,,NOT_APPLICABLE,,,,,,,NOT_APPLICABLE,PROFILE_NOT_STANDARD
NL0012817175,NL0012817175,"Alfen N.V. Registered Shares EO -,10",OTHER,payout_ratio_eps,UNKNOWN,UNKNOWN,,,,NOT_APPLICABLE,,,,,,,NOT_APPLICABLE,PROFILE_NOT_STANDARD
NL0012817175,NL0012817175,"Alfen N.V. Registered Shares EO -,10",OTHER,payout_ratio_fcf,DIVIDEND_FCF_REQUIRED,DIVIDEND_FCF_REQUIRED,,,,NOT_APPLICABLE,,,,,,,NOT_APPLICABLE,PROFILE_NOT_STANDARD
NL0012817175,NL0012817175,"Alfen N.V. Registered Shares EO -,10",OTHER,pe_current,UNKNOWN,UNKNOWN,,,,NOT_APPLICABLE,,,,,,,NOT_APPLICABLE,PROFILE_NOT_STANDARD
NL0012817175,NL0012817175,"Alfen N.V. Registered Shares EO -,10",OTHER,pe_hist,UNKNOWN,UNKNOWN,,,,NOT_APPLICABLE,,,,,,,NOT_APPLICABLE,PROFILE_NOT_STANDARD
NL0012817175,NL0012817175,"Alfen N.V. Registered Shares EO -,10",OTHER,revenue_cagr_5y,CORE_QUALITY_REQUIRED,CORE_QUALITY_REQUIRED,,,,NOT_APPLICABLE,,,,,,,NOT_APPLICABLE,PROFILE_NOT_STANDARD
NL0012817175,NL0012817175,"Alfen N.V. Registered Shares EO -,10",OTHER,roce,ADVANCED_OPTIONAL,ADVANCED_OPTIONAL,,,,NOT_APPLICABLE,,,,,,,NOT_APPLICABLE,PROFILE_NOT_STANDARD
NL0012817175,NL0012817175,"Alfen N.V. Registered Shares EO -,10",OTHER,roic,ADVANCED_OPTIONAL,ADVANCED_OPTIONAL,,,,NOT_APPLICABLE,,,,,,,NOT_APPLICABLE,PROFILE_NOT_STANDARD
NL0012817175,NL0012817175,"Alfen N.V. Registered Shares EO -,10",OTHER,share_count_cagr_5y,CORE_QUALITY_REQUIRED,CORE_QUALITY_REQUIRED,,,,NOT_APPLICABLE,,,,,,,NOT_APPLICABLE,PROFILE_NOT_STANDARD
NL0012817175,NL0012817175,"Alfen N.V. Registered Shares EO -,10",OTHER,target_fcf_yield_pct,VALUATION_REQUIRED,VALUATION_REQUIRED,,,,NOT_APPLICABLE,,,,,,,NOT_APPLICABLE,PROFILE_NOT_STANDARD
NL0014332678,NL0014332678,"JDE Peet's N.V. Registered Shares EO-,01",OTHER,buyback_yield,ADVANCED_OPTIONAL,ADVANCED_OPTIONAL,,,,NOT_APPLICABLE,,,,,,,NOT_APPLICABLE,PROFILE_NOT_STANDARD
NL0014332678,NL0014332678,"JDE Peet's N.V. Registered Shares EO-,01",OTHER,dividend_cagr_5y,UNKNOWN,UNKNOWN,,,,NOT_APPLICABLE,,,,,,,NOT_APPLICABLE,PROFILE_NOT_STANDARD
NL0014332678,NL0014332678,"JDE Peet's N.V. Registered Shares EO-,01",OTHER,dividend_streak_years,UNKNOWN,UNKNOWN,,,,NOT_APPLICABLE,,,,,,,NOT_APPLICABLE,PROFILE_NOT_STANDARD
NL0014332678,NL0014332678,"JDE Peet's N.V. Registered Shares EO-,01",OTHER,dividend_yield_current_pct,UNKNOWN,UNKNOWN,,,,NOT_APPLICABLE,,,,,,,NOT_APPLICABLE,PROFILE_NOT_STANDARD
NL0014332678,NL0014332678,"JDE Peet's N.V. Registered Shares EO-,01",OTHER,dividend_yield_hist_pct,UNKNOWN,UNKNOWN,,,,NOT_APPLICABLE,,,,,,,NOT_APPLICABLE,PROFILE_NOT_STANDARD
NL0014332678,NL0014332678,"JDE Peet's N.V. Registered Shares EO-,01",OTHER,drawdown_from_high_pct,UNKNOWN,UNKNOWN,,,,NOT_APPLICABLE,,,,,,,NOT_APPLICABLE,PROFILE_NOT_STANDARD
NL0014332678,NL0014332678,"JDE Peet's N.V. Registered Shares EO-,01",OTHER,eps_cagr_5y,CORE_QUALITY_REQUIRED,CORE_QUALITY_REQUIRED,,,,NOT_APPLICABLE,,,,,,,NOT_APPLICABLE,PROFILE_NOT_STANDARD
NL0014332678,NL0014332678,"JDE Peet's N.V. Registered Shares EO-,01",OTHER,ev_ebit_current,UNKNOWN,UNKNOWN,,,,NOT_APPLICABLE,,,,,,,NOT_APPLICABLE,PROFILE_NOT_STANDARD
NL0014332678,NL0014332678,"JDE Peet's N.V. Registered Shares EO-,01",OTHER,ev_ebit_hist,UNKNOWN,UNKNOWN,,,,NOT_APPLICABLE,,,,,,,NOT_APPLICABLE,PROFILE_NOT_STANDARD
NL0014332678,NL0014332678,"JDE Peet's N.V. Registered Shares EO-,01",OTHER,expected_return_pct,UNKNOWN,UNKNOWN,,,,NOT_APPLICABLE,,,,,,,NOT_APPLICABLE,PROFILE_NOT_STANDARD
NL0014332678,NL0014332678,"JDE Peet's N.V. Registered Shares EO-,01",OTHER,fcf_margin,DIVIDEND_FCF_REQUIRED,DIVIDEND_FCF_REQUIRED,,,,NOT_APPLICABLE,,,,,,,NOT_APPLICABLE,PROFILE_NOT_STANDARD
NL0014332678,NL0014332678,"JDE Peet's N.V. Registered Shares EO-,01",OTHER,fcf_per_share_cagr_5y,DIVIDEND_FCF_REQUIRED,DIVIDEND_FCF_REQUIRED,,,,NOT_APPLICABLE,,,,,,,NOT_APPLICABLE,PROFILE_NOT_STANDARD
NL0014332678,NL0014332678,"JDE Peet's N.V. Registered Shares EO-,01",OTHER,fcf_yield_current_pct,UNKNOWN,UNKNOWN,,,,NOT_APPLICABLE,,,,,,,NOT_APPLICABLE,PROFILE_NOT_STANDARD
NL0014332678,NL0014332678,"JDE Peet's N.V. Registered Shares EO-,01",OTHER,fcf_yield_hist_pct,UNKNOWN,UNKNOWN,,,,NOT_APPLICABLE,,,,,,,NOT_APPLICABLE,PROFILE_NOT_STANDARD
NL0014332678,NL0014332678,"JDE Peet's N.V. Registered Shares EO-,01",OTHER,gross_margin,CORE_QUALITY_REQUIRED,CORE_QUALITY_REQUIRED,,,,NOT_APPLICABLE,,,,,,,NOT_APPLICABLE,PROFILE_NOT_STANDARD
NL0014332678,NL0014332678,"JDE Peet's N.V. Registered Shares EO-,01",OTHER,interest_coverage,ADVANCED_OPTIONAL,ADVANCED_OPTIONAL,,,,NOT_APPLICABLE,,,,,,,NOT_APPLICABLE,PROFILE_NOT_STANDARD
NL0014332678,NL0014332678,"JDE Peet's N.V. Registered Shares EO-,01",OTHER,net_debt_to_ebitda,ADVANCED_OPTIONAL,ADVANCED_OPTIONAL,,,,NOT_APPLICABLE,,,,,,,NOT_APPLICABLE,PROFILE_NOT_STANDARD
NL0014332678,NL0014332678,"JDE Peet's N.V. Registered Shares EO-,01",OTHER,normalized_fcf_yield_pct,VALUATION_REQUIRED,VALUATION_REQUIRED,,,,NOT_APPLICABLE,,,,,,,NOT_APPLICABLE,PROFILE_NOT_STANDARD
NL0014332678,NL0014332678,"JDE Peet's N.V. Registered Shares EO-,01",OTHER,operating_margin,CORE_QUALITY_REQUIRED,CORE_QUALITY_REQUIRED,,,,NOT_APPLICABLE,,,,,,,NOT_APPLICABLE,PROFILE_NOT_STANDARD
NL0014332678,NL0014332678,"JDE Peet's N.V. Registered Shares EO-,01",OTHER,payout_ratio_eps,UNKNOWN,UNKNOWN,,,,NOT_APPLICABLE,,,,,,,NOT_APPLICABLE,PROFILE_NOT_STANDARD
NL0014332678,NL0014332678,"JDE Peet's N.V. Registered Shares EO-,01",OTHER,payout_ratio_fcf,DIVIDEND_FCF_REQUIRED,DIVIDEND_FCF_REQUIRED,,,,NOT_APPLICABLE,,,,,,,NOT_APPLICABLE,PROFILE_NOT_STANDARD
NL0014332678,NL0014332678,"JDE Peet's N.V. Registered Shares EO-,01",OTHER,pe_current,UNKNOWN,UNKNOWN,,,,NOT_APPLICABLE,,,,,,,NOT_APPLICABLE,PROFILE_NOT_STANDARD
NL0014332678,NL0014332678,"JDE Peet's N.V. Registered Shares EO-,01",OTHER,pe_hist,UNKNOWN,UNKNOWN,,,,NOT_APPLICABLE,,,,,,,NOT_APPLICABLE,PROFILE_NOT_STANDARD
NL0014332678,NL0014332678,"JDE Peet's N.V. Registered Shares EO-,01",OTHER,revenue_cagr_5y,CORE_QUALITY_REQUIRED,CORE_QUALITY_REQUIRED,,,,NOT_APPLICABLE,,,,,,,NOT_APPLICABLE,PROFILE_NOT_STANDARD
NL0014332678,NL0014332678,"JDE Peet's N.V. Registered Shares EO-,01",OTHER,roce,ADVANCED_OPTIONAL,ADVANCED_OPTIONAL,,,,NOT_APPLICABLE,,,,,,,NOT_APPLICABLE,PROFILE_NOT_STANDARD
NL0014332678,NL0014332678,"JDE Peet's N.V. Registered Shares EO-,01",OTHER,roic,ADVANCED_OPTIONAL,ADVANCED_OPTIONAL,,,,NOT_APPLICABLE,,,,,,,NOT_APPLICABLE,PROFILE_NOT_STANDARD
NL0014332678,NL0014332678,"JDE Peet's N.V. Registered Shares EO-,01",OTHER,share_count_cagr_5y,CORE_QUALITY_REQUIRED,CORE_QUALITY_REQUIRED,,,,NOT_APPLICABLE,,,,,,,NOT_APPLICABLE,PROFILE_NOT_STANDARD
NL0014332678,NL0014332678,"JDE Peet's N.V. Registered Shares EO-,01",OTHER,target_fcf_yield_pct,VALUATION_REQUIRED,VALUATION_REQUIRED,,,,NOT_APPLICABLE,,,,,,,NOT_APPLICABLE,PROFILE_NOT_STANDARD
US02079K3059,US02079K3059,"Alphabet Inc. Reg. Shs Cap.Stk Cl. A DL-,001",STANDARD,buyback_yield,ADVANCED_OPTIONAL,ADVANCED_OPTIONAL,,,,NOT_FOUND,,,,,,,MISSING,EVIDENCE_REGISTRY_MISSING;EVIDENCE_APPLIED_VALUE_MISSING
US02079K3059,US02079K3059,"Alphabet Inc. Reg. Shs Cap.Stk Cl. A DL-,001",STANDARD,dividend_cagr_5y,UNKNOWN,UNKNOWN,,,,NOT_FOUND,,,,,,,MISSING,EVIDENCE_REGISTRY_MISSING;EVIDENCE_APPLIED_VALUE_MISSING
US02079K3059,US02079K3059,"Alphabet Inc. Reg. Shs Cap.Stk Cl. A DL-,001",STANDARD,dividend_streak_years,UNKNOWN,UNKNOWN,,,,NOT_FOUND,,,,,,,MISSING,EVIDENCE_REGISTRY_MISSING;EVIDENCE_APPLIED_VALUE_MISSING
US02079K3059,US02079K3059,"Alphabet Inc. Reg. Shs Cap.Stk Cl. A DL-,001",STANDARD,dividend_yield_current_pct,UNKNOWN,UNKNOWN,,,,NOT_FOUND,,,,,,,MISSING,EVIDENCE_REGISTRY_MISSING;EVIDENCE_APPLIED_VALUE_MISSING
US02079K3059,US02079K3059,"Alphabet Inc. Reg. Shs Cap.Stk Cl. A DL-,001",STANDARD,dividend_yield_hist_pct,UNKNOWN,UNKNOWN,,,,NOT_FOUND,,,,,,,MISSING,EVIDENCE_REGISTRY_MISSING;EVIDENCE_APPLIED_VALUE_MISSING
US02079K3059,US02079K3059,"Alphabet Inc. Reg. Shs Cap.Stk Cl. A DL-,001",STANDARD,drawdown_from_high_pct,UNKNOWN,UNKNOWN,,,,NOT_FOUND,,,,,,,MISSING,EVIDENCE_REGISTRY_MISSING;EVIDENCE_APPLIED_VALUE_MISSING
US02079K3059,US02079K3059,"Alphabet Inc. Reg. Shs Cap.Stk Cl. A DL-,001",STANDARD,eps_cagr_5y,CORE_QUALITY_REQUIRED,CORE_QUALITY_REQUIRED,-28.6867,-28.6867,,EVIDENCE_REGISTRY,sec_companyfacts,SNAPSHOT_IMPORT,SEC CompanyFacts CIK0001652044 FY2025; accession(s)=0001652044-26-000018,2026-04-20,UNVERIFIED,APPLIED,TRUSTED,SOURCE_MATCHED
US02079K3059,US02079K3059,"Alphabet Inc. Reg. Shs Cap.Stk Cl. A DL-,001",STANDARD,ev_ebit_current,UNKNOWN,UNKNOWN,,,,NOT_FOUND,,,,,,,MISSING,EVIDENCE_REGISTRY_MISSING;EVIDENCE_APPLIED_VALUE_MISSING
US02079K3059,US02079K3059,"Alphabet Inc. Reg. Shs Cap.Stk Cl. A DL-,001",STANDARD,ev_ebit_hist,UNKNOWN,UNKNOWN,,,,NOT_FOUND,,,,,,,MISSING,EVIDENCE_REGISTRY_MISSING;EVIDENCE_APPLIED_VALUE_MISSING
US02079K3059,US02079K3059,"Alphabet Inc. Reg. Shs Cap.Stk Cl. A DL-,001",STANDARD,expected_return_pct,UNKNOWN,UNKNOWN,,,,NOT_FOUND,,,,,,,MISSING,EVIDENCE_REGISTRY_MISSING;EVIDENCE_APPLIED_VALUE_MISSING
US02079K3059,US02079K3059,"Alphabet Inc. Reg. Shs Cap.Stk Cl. A DL-,001",STANDARD,fcf_margin,DIVIDEND_FCF_REQUIRED,DIVIDEND_FCF_REQUIRED,,,,NOT_FOUND,,,,,,,MISSING,EVIDENCE_REGISTRY_MISSING;EVIDENCE_APPLIED_VALUE_MISSING
US02079K3059,US02079K3059,"Alphabet Inc. Reg. Shs Cap.Stk Cl. A DL-,001",STANDARD,fcf_per_share_cagr_5y,DIVIDEND_FCF_REQUIRED,DIVIDEND_FCF_REQUIRED,,,,NOT_FOUND,,,,,,,MISSING,EVIDENCE_REGISTRY_MISSING;EVIDENCE_APPLIED_VALUE_MISSING
US02079K3059,US02079K3059,"Alphabet Inc. Reg. Shs Cap.Stk Cl. A DL-,001",STANDARD,fcf_yield_current_pct,UNKNOWN,UNKNOWN,,,,NOT_FOUND,,,,,,,MISSING,EVIDENCE_REGISTRY_MISSING;EVIDENCE_APPLIED_VALUE_MISSING
US02079K3059,US02079K3059,"Alphabet Inc. Reg. Shs Cap.Stk Cl. A DL-,001",STANDARD,fcf_yield_hist_pct,UNKNOWN,UNKNOWN,,,,NOT_FOUND,,,,,,,MISSING,EVIDENCE_REGISTRY_MISSING;EVIDENCE_APPLIED_VALUE_MISSING
US02079K3059,US02079K3059,"Alphabet Inc. Reg. Shs Cap.Stk Cl. A DL-,001",STANDARD,gross_margin,CORE_QUALITY_REQUIRED,CORE_QUALITY_REQUIRED,,,,NOT_FOUND,,,,,,,MISSING,EVIDENCE_REGISTRY_MISSING;EVIDENCE_APPLIED_VALUE_MISSING
US02079K3059,US02079K3059,"Alphabet Inc. Reg. Shs Cap.Stk Cl. A DL-,001",STANDARD,interest_coverage,ADVANCED_OPTIONAL,ADVANCED_OPTIONAL,,,,NOT_FOUND,,,,,,,MISSING,EVIDENCE_REGISTRY_MISSING;EVIDENCE_APPLIED_VALUE_MISSING
US02079K3059,US02079K3059,"Alphabet Inc. Reg. Shs Cap.Stk Cl. A DL-,001",STANDARD,net_debt_to_ebitda,ADVANCED_OPTIONAL,ADVANCED_OPTIONAL,,,,NOT_FOUND,,,,,,,MISSING,EVIDENCE_REGISTRY_MISSING;EVIDENCE_APPLIED_VALUE_MISSING
US02079K3059,US02079K3059,"Alphabet Inc. Reg. Shs Cap.Stk Cl. A DL-,001",STANDARD,normalized_fcf_yield_pct,VALUATION_REQUIRED,VALUATION_REQUIRED,,,,NOT_FOUND,,,,,,,MISSING,EVIDENCE_REGISTRY_MISSING;EVIDENCE_APPLIED_VALUE_MISSING
US02079K3059,US02079K3059,"Alphabet Inc. Reg. Shs Cap.Stk Cl. A DL-,001",STANDARD,operating_margin,CORE_QUALITY_REQUIRED,CORE_QUALITY_REQUIRED,,,,NOT_FOUND,,,,,,,MISSING,EVIDENCE_REGISTRY_MISSING;EVIDENCE_APPLIED_VALUE_MISSING
US02079K3059,US02079K3059,"Alphabet Inc. Reg. Shs Cap.Stk Cl. A DL-,001",STANDARD,payout_ratio_eps,UNKNOWN,UNKNOWN,,,,NOT_FOUND,,,,,,,MISSING,EVIDENCE_REGISTRY_MISSING;EVIDENCE_APPLIED_VALUE_MISSING
US02079K3059,US02079K3059,"Alphabet Inc. Reg. Shs Cap.Stk Cl. A DL-,001",STANDARD,payout_ratio_fcf,DIVIDEND_FCF_REQUIRED,DIVIDEND_FCF_REQUIRED,,,,NOT_FOUND,,,,,,,MISSING,EVIDENCE_REGISTRY_MISSING;EVIDENCE_APPLIED_VALUE_MISSING
US02079K3059,US02079K3059,"Alphabet Inc. Reg. Shs Cap.Stk Cl. A DL-,001",STANDARD,pe_current,UNKNOWN,UNKNOWN,,,,NOT_FOUND,,,,,,,MISSING,EVIDENCE_REGISTRY_MISSING;EVIDENCE_APPLIED_VALUE_MISSING
US02079K3059,US02079K3059,"Alphabet Inc. Reg. Shs Cap.Stk Cl. A DL-,001",STANDARD,pe_hist,UNKNOWN,UNKNOWN,,,,NOT_FOUND,,,,,,,MISSING,EVIDENCE_REGISTRY_MISSING;EVIDENCE_APPLIED_VALUE_MISSING
US02079K3059,US02079K3059,"Alphabet Inc. Reg. Shs Cap.Stk Cl. A DL-,001",STANDARD,revenue_cagr_5y,CORE_QUALITY_REQUIRED,CORE_QUALITY_REQUIRED,,,,NOT_FOUND,,,,,,,MISSING,EVIDENCE_REGISTRY_MISSING;EVIDENCE_APPLIED_VALUE_MISSING
US02079K3059,US02079K3059,"Alphabet Inc. Reg. Shs Cap.Stk Cl. A DL-,001",STANDARD,roce,ADVANCED_OPTIONAL,ADVANCED_OPTIONAL,,,,NOT_FOUND,,,,,,,MISSING,EVIDENCE_REGISTRY_MISSING;EVIDENCE_APPLIED_VALUE_MISSING
US02079K3059,US02079K3059,"Alphabet Inc. Reg. Shs Cap.Stk Cl. A DL-,001",STANDARD,roic,ADVANCED_OPTIONAL,ADVANCED_OPTIONAL,,,,NOT_FOUND,,,,,,,MISSING,EVIDENCE_REGISTRY_MISSING;EVIDENCE_APPLIED_VALUE_MISSING
US02079K3059,US02079K3059,"Alphabet Inc. Reg. Shs Cap.Stk Cl. A DL-,001",STANDARD,share_count_cagr_5y,CORE_QUALITY_REQUIRED,CORE_QUALITY_REQUIRED,,,,NOT_FOUND,,,,,,,MISSING,EVIDENCE_REGISTRY_MISSING;EVIDENCE_APPLIED_VALUE_MISSING
US02079K3059,US02079K3059,"Alphabet Inc. Reg. Shs Cap.Stk Cl. A DL-,001",STANDARD,target_fcf_yield_pct,VALUATION_REQUIRED,VALUATION_REQUIRED,,,,NOT_FOUND,,,,,,,MISSING,EVIDENCE_REGISTRY_MISSING;EVIDENCE_APPLIED_VALUE_MISSING
US0378331005,US0378331005,Apple Inc. Registered Shares o.N.,STANDARD,buyback_yield,ADVANCED_OPTIONAL,ADVANCED_OPTIONAL,,,,NOT_FOUND,,,,,,,MISSING,EVIDENCE_REGISTRY_MISSING;EVIDENCE_APPLIED_VALUE_MISSING
US0378331005,US0378331005,Apple Inc. Registered Shares o.N.,STANDARD,dividend_cagr_5y,UNKNOWN,UNKNOWN,,,,NOT_FOUND,,,,,,,MISSING,EVIDENCE_REGISTRY_MISSING;EVIDENCE_APPLIED_VALUE_MISSING
US0378331005,US0378331005,Apple Inc. Registered Shares o.N.,STANDARD,dividend_streak_years,UNKNOWN,UNKNOWN,,,,NOT_FOUND,,,,,,,MISSING,EVIDENCE_REGISTRY_MISSING;EVIDENCE_APPLIED_VALUE_MISSING
US0378331005,US0378331005,Apple Inc. Registered Shares o.N.,STANDARD,dividend_yield_current_pct,UNKNOWN,UNKNOWN,,,,NOT_FOUND,,,,,,,MISSING,EVIDENCE_REGISTRY_MISSING;EVIDENCE_APPLIED_VALUE_MISSING
US0378331005,US0378331005,Apple Inc. Registered Shares o.N.,STANDARD,dividend_yield_hist_pct,UNKNOWN,UNKNOWN,,,,NOT_FOUND,,,,,,,MISSING,EVIDENCE_REGISTRY_MISSING;EVIDENCE_APPLIED_VALUE_MISSING
US0378331005,US0378331005,Apple Inc. Registered Shares o.N.,STANDARD,drawdown_from_high_pct,UNKNOWN,UNKNOWN,,,,NOT_FOUND,,,,,,,MISSING,EVIDENCE_REGISTRY_MISSING;EVIDENCE_APPLIED_VALUE_MISSING
US0378331005,US0378331005,Apple Inc. Registered Shares o.N.,STANDARD,eps_cagr_5y,CORE_QUALITY_REQUIRED,CORE_QUALITY_REQUIRED,59.1781,59.1781,,EVIDENCE_REGISTRY,sec_companyfacts,SNAPSHOT_IMPORT,SEC CompanyFacts CIK0000320193 FY2025; accession(s)=0000320193-25-000079,2026-04-20,UNVERIFIED,APPLIED,TRUSTED,SOURCE_MATCHED
US0378331005,US0378331005,Apple Inc. Registered Shares o.N.,STANDARD,ev_ebit_current,UNKNOWN,UNKNOWN,,,,NOT_FOUND,,,,,,,MISSING,EVIDENCE_REGISTRY_MISSING;EVIDENCE_APPLIED_VALUE_MISSING
US0378331005,US0378331005,Apple Inc. Registered Shares o.N.,STANDARD,ev_ebit_hist,UNKNOWN,UNKNOWN,,,,NOT_FOUND,,,,,,,MISSING,EVIDENCE_REGISTRY_MISSING;EVIDENCE_APPLIED_VALUE_MISSING
US0378331005,US0378331005,Apple Inc. Registered Shares o.N.,STANDARD,expected_return_pct,UNKNOWN,UNKNOWN,,,,NOT_FOUND,,,,,,,MISSING,EVIDENCE_REGISTRY_MISSING;EVIDENCE_APPLIED_VALUE_MISSING
US0378331005,US0378331005,Apple Inc. Registered Shares o.N.,STANDARD,fcf_margin,DIVIDEND_FCF_REQUIRED,DIVIDEND_FCF_REQUIRED,,,,NOT_FOUND,,,,,,,MISSING,EVIDENCE_REGISTRY_MISSING;EVIDENCE_APPLIED_VALUE_MISSING
US0378331005,US0378331005,Apple Inc. Registered Shares o.N.,STANDARD,fcf_per_share_cagr_5y,DIVIDEND_FCF_REQUIRED,DIVIDEND_FCF_REQUIRED,,,,NOT_FOUND,,,,,,,MISSING,EVIDENCE_REGISTRY_MISSING;EVIDENCE_APPLIED_VALUE_MISSING
US0378331005,US0378331005,Apple Inc. Registered Shares o.N.,STANDARD,fcf_yield_current_pct,UNKNOWN,UNKNOWN,,,,NOT_FOUND,,,,,,,MISSING,EVIDENCE_REGISTRY_MISSING;EVIDENCE_APPLIED_VALUE_MISSING
US0378331005,US0378331005,Apple Inc. Registered Shares o.N.,STANDARD,fcf_yield_hist_pct,UNKNOWN,UNKNOWN,,,,NOT_FOUND,,,,,,,MISSING,EVIDENCE_REGISTRY_MISSING;EVIDENCE_APPLIED_VALUE_MISSING
US0378331005,US0378331005,Apple Inc. Registered Shares o.N.,STANDARD,gross_margin,CORE_QUALITY_REQUIRED,CORE_QUALITY_REQUIRED,46.9052,46.9052,,EVIDENCE_REGISTRY,sec_companyfacts,SNAPSHOT_IMPORT,SEC CompanyFacts CIK0000320193 FY2025; accession(s)=0000320193-25-000079,2026-04-20,UNVERIFIED,APPLIED,TRUSTED,SOURCE_MATCHED
US0378331005,US0378331005,Apple Inc. Registered Shares o.N.,STANDARD,interest_coverage,ADVANCED_OPTIONAL,ADVANCED_OPTIONAL,,,,NOT_FOUND,,,,,,,MISSING,EVIDENCE_REGISTRY_MISSING;EVIDENCE_APPLIED_VALUE_MISSING
US0378331005,US0378331005,Apple Inc. Registered Shares o.N.,STANDARD,net_debt_to_ebitda,ADVANCED_OPTIONAL,ADVANCED_OPTIONAL,,,,NOT_FOUND,,,,,,,MISSING,EVIDENCE_REGISTRY_MISSING;EVIDENCE_APPLIED_VALUE_MISSING
US0378331005,US0378331005,Apple Inc. Registered Shares o.N.,STANDARD,normalized_fcf_yield_pct,VALUATION_REQUIRED,VALUATION_REQUIRED,,,,NOT_FOUND,,,,,,,MISSING,EVIDENCE_REGISTRY_MISSING;EVIDENCE_APPLIED_VALUE_MISSING
US0378331005,US0378331005,Apple Inc. Registered Shares o.N.,STANDARD,operating_margin,CORE_QUALITY_REQUIRED,CORE_QUALITY_REQUIRED,31.9708,31.9708,,EVIDENCE_REGISTRY,sec_companyfacts,SNAPSHOT_IMPORT,SEC CompanyFacts CIK0000320193 FY2025; accession(s)=0000320193-25-000079,2026-04-20,UNVERIFIED,APPLIED,TRUSTED,SOURCE_MATCHED
US0378331005,US0378331005,Apple Inc. Registered Shares o.N.,STANDARD,payout_ratio_eps,UNKNOWN,UNKNOWN,,,,NOT_FOUND,,,,,,,MISSING,EVIDENCE_REGISTRY_MISSING;EVIDENCE_APPLIED_VALUE_MISSING
US0378331005,US0378331005,Apple Inc. Registered Shares o.N.,STANDARD,payout_ratio_fcf,DIVIDEND_FCF_REQUIRED,DIVIDEND_FCF_REQUIRED,,,,NOT_FOUND,,,,,,,MISSING,EVIDENCE_REGISTRY_MISSING;EVIDENCE_APPLIED_VALUE_MISSING
US0378331005,US0378331005,Apple Inc. Registered Shares o.N.,STANDARD,pe_current,UNKNOWN,UNKNOWN,,,,NOT_FOUND,,,,,,,MISSING,EVIDENCE_REGISTRY_MISSING;EVIDENCE_APPLIED_VALUE_MISSING
US0378331005,US0378331005,Apple Inc. Registered Shares o.N.,STANDARD,pe_hist,UNKNOWN,UNKNOWN,,,,NOT_FOUND,,,,,,,MISSING,EVIDENCE_REGISTRY_MISSING;EVIDENCE_APPLIED_VALUE_MISSING
US0378331005,US0378331005,Apple Inc. Registered Shares o.N.,STANDARD,revenue_cagr_5y,CORE_QUALITY_REQUIRED,CORE_QUALITY_REQUIRED,45.1022,45.1022,,EVIDENCE_REGISTRY,sec_companyfacts,SNAPSHOT_IMPORT,SEC CompanyFacts CIK0000320193 FY2025; accession(s)=0000320193-25-000079,2026-04-20,UNVERIFIED,APPLIED,TRUSTED,SOURCE_MATCHED
US0378331005,US0378331005,Apple Inc. Registered Shares o.N.,STANDARD,roce,ADVANCED_OPTIONAL,ADVANCED_OPTIONAL,,,,NOT_FOUND,,,,,,,MISSING,EVIDENCE_REGISTRY_MISSING;EVIDENCE_APPLIED_VALUE_MISSING
US0378331005,US0378331005,Apple Inc. Registered Shares o.N.,STANDARD,roic,ADVANCED_OPTIONAL,ADVANCED_OPTIONAL,,,,NOT_FOUND,,,,,,,MISSING,EVIDENCE_REGISTRY_MISSING;EVIDENCE_APPLIED_VALUE_MISSING
US0378331005,US0378331005,Apple Inc. Registered Shares o.N.,STANDARD,share_count_cagr_5y,CORE_QUALITY_REQUIRED,CORE_QUALITY_REQUIRED,-3.06114,-3.06114,,EVIDENCE_REGISTRY,sec_companyfacts,SNAPSHOT_IMPORT,SEC CompanyFacts CIK0000320193 FY2025; accession(s)=0000320193-25-000079,2026-04-20,UNVERIFIED,APPLIED,TRUSTED,SOURCE_MATCHED
US0378331005,US0378331005,Apple Inc. Registered Shares o.N.,STANDARD,target_fcf_yield_pct,VALUATION_REQUIRED,VALUATION_REQUIRED,,,,NOT_FOUND,,,,,,,MISSING,EVIDENCE_REGISTRY_MISSING;EVIDENCE_APPLIED_VALUE_MISSING
US0394831020,US0394831020,Archer Daniels Midland Co. Registered Shares o.N.,STANDARD,buyback_yield,ADVANCED_OPTIONAL,ADVANCED_OPTIONAL,,,,NOT_FOUND,,,,,,,MISSING,EVIDENCE_REGISTRY_MISSING;EVIDENCE_APPLIED_VALUE_MISSING
US0394831020,US0394831020,Archer Daniels Midland Co. Registered Shares o.N.,STANDARD,dividend_cagr_5y,UNKNOWN,UNKNOWN,,,,NOT_FOUND,,,,,,,MISSING,EVIDENCE_REGISTRY_MISSING;EVIDENCE_APPLIED_VALUE_MISSING
US0394831020,US0394831020,Archer Daniels Midland Co. Registered Shares o.N.,STANDARD,dividend_streak_years,UNKNOWN,UNKNOWN,,,,NOT_FOUND,,,,,,,MISSING,EVIDENCE_REGISTRY_MISSING;EVIDENCE_APPLIED_VALUE_MISSING
US0394831020,US0394831020,Archer Daniels Midland Co. Registered Shares o.N.,STANDARD,dividend_yield_current_pct,UNKNOWN,UNKNOWN,,,,NOT_FOUND,,,,,,,MISSING,EVIDENCE_REGISTRY_MISSING;EVIDENCE_APPLIED_VALUE_MISSING
US0394831020,US0394831020,Archer Daniels Midland Co. Registered Shares o.N.,STANDARD,dividend_yield_hist_pct,UNKNOWN,UNKNOWN,,,,NOT_FOUND,,,,,,,MISSING,EVIDENCE_REGISTRY_MISSING;EVIDENCE_APPLIED_VALUE_MISSING
US0394831020,US0394831020,Archer Daniels Midland Co. Registered Shares o.N.,STANDARD,drawdown_from_high_pct,UNKNOWN,UNKNOWN,,,,NOT_FOUND,,,,,,,MISSING,EVIDENCE_REGISTRY_MISSING;EVIDENCE_APPLIED_VALUE_MISSING
US0394831020,US0394831020,Archer Daniels Midland Co. Registered Shares o.N.,STANDARD,eps_cagr_5y,CORE_QUALITY_REQUIRED,CORE_QUALITY_REQUIRED,12.8208,12.8208,,EVIDENCE_REGISTRY,sec_companyfacts,SNAPSHOT_IMPORT,SEC CompanyFacts CIK0000007084 FY2025; accession(s)=0000007084-26-000011,2026-04-20,UNVERIFIED,APPLIED,TRUSTED,SOURCE_MATCHED
US0394831020,US0394831020,Archer Daniels Midland Co. Registered Shares o.N.,STANDARD,ev_ebit_current,UNKNOWN,UNKNOWN,,,,NOT_FOUND,,,,,,,MISSING,EVIDENCE_REGISTRY_MISSING;EVIDENCE_APPLIED_VALUE_MISSING
US0394831020,US0394831020,Archer Daniels Midland Co. Registered Shares o.N.,STANDARD,ev_ebit_hist,UNKNOWN,UNKNOWN,,,,NOT_FOUND,,,,,,,MISSING,EVIDENCE_REGISTRY_MISSING;EVIDENCE_APPLIED_VALUE_MISSING
US0394831020,US0394831020,Archer Daniels Midland Co. Registered Shares o.N.,STANDARD,expected_return_pct,UNKNOWN,UNKNOWN,,,,NOT_FOUND,,,,,,,MISSING,EVIDENCE_REGISTRY_MISSING;EVIDENCE_APPLIED_VALUE_MISSING
US0394831020,US0394831020,Archer Daniels Midland Co. Registered Shares o.N.,STANDARD,fcf_margin,DIVIDEND_FCF_REQUIRED,DIVIDEND_FCF_REQUIRED,,,,NOT_FOUND,,,,,,,MISSING,EVIDENCE_REGISTRY_MISSING;EVIDENCE_APPLIED_VALUE_MISSING
US0394831020,US0394831020,Archer Daniels Midland Co. Registered Shares o.N.,STANDARD,fcf_per_share_cagr_5y,DIVIDEND_FCF_REQUIRED,DIVIDEND_FCF_REQUIRED,,,,NOT_FOUND,,,,,,,MISSING,EVIDENCE_REGISTRY_MISSING;EVIDENCE_APPLIED_VALUE_MISSING
US0394831020,US0394831020,Archer Daniels Midland Co. Registered Shares o.N.,STANDARD,fcf_yield_current_pct,UNKNOWN,UNKNOWN,,,,NOT_FOUND,,,,,,,MISSING,EVIDENCE_REGISTRY_MISSING;EVIDENCE_APPLIED_VALUE_MISSING
US0394831020,US0394831020,Archer Daniels Midland Co. Registered Shares o.N.,STANDARD,fcf_yield_hist_pct,UNKNOWN,UNKNOWN,,,,NOT_FOUND,,,,,,,MISSING,EVIDENCE_REGISTRY_MISSING;EVIDENCE_APPLIED_VALUE_MISSING
US0394831020,US0394831020,Archer Daniels Midland Co. Registered Shares o.N.,STANDARD,gross_margin,CORE_QUALITY_REQUIRED,CORE_QUALITY_REQUIRED,20.1675,20.1675,,EVIDENCE_REGISTRY,sec_companyfacts,SNAPSHOT_IMPORT,SEC CompanyFacts CIK0000007084 FY2025; accession(s)=0000007084-26-000011,2026-04-20,UNVERIFIED,APPLIED,TRUSTED,SOURCE_MATCHED
US0394831020,US0394831020,Archer Daniels Midland Co. Registered Shares o.N.,STANDARD,interest_coverage,ADVANCED_OPTIONAL,ADVANCED_OPTIONAL,,,,NOT_FOUND,,,,,,,MISSING,EVIDENCE_REGISTRY_MISSING;EVIDENCE_APPLIED_VALUE_MISSING
US0394831020,US0394831020,Archer Daniels Midland Co. Registered Shares o.N.,STANDARD,net_debt_to_ebitda,ADVANCED_OPTIONAL,ADVANCED_OPTIONAL,,,,NOT_FOUND,,,,,,,MISSING,EVIDENCE_REGISTRY_MISSING;EVIDENCE_APPLIED_VALUE_MISSING
US0394831020,US0394831020,Archer Daniels Midland Co. Registered Shares o.N.,STANDARD,normalized_fcf_yield_pct,VALUATION_REQUIRED,VALUATION_REQUIRED,,,,NOT_FOUND,,,,,,,MISSING,EVIDENCE_REGISTRY_MISSING;EVIDENCE_APPLIED_VALUE_MISSING
US0394831020,US0394831020,Archer Daniels Midland Co. Registered Shares o.N.,STANDARD,operating_margin,CORE_QUALITY_REQUIRED,CORE_QUALITY_REQUIRED,,,,NOT_FOUND,,,,,,,MISSING,EVIDENCE_REGISTRY_MISSING;EVIDENCE_APPLIED_VALUE_MISSING
US0394831020,US0394831020,Archer Daniels Midland Co. Registered Shares o.N.,STANDARD,payout_ratio_eps,UNKNOWN,UNKNOWN,,,,NOT_FOUND,,,,,,,MISSING,EVIDENCE_REGISTRY_MISSING;EVIDENCE_APPLIED_VALUE_MISSING
US0394831020,US0394831020,Archer Daniels Midland Co. Registered Shares o.N.,STANDARD,payout_ratio_fcf,DIVIDEND_FCF_REQUIRED,DIVIDEND_FCF_REQUIRED,,,,NOT_FOUND,,,,,,,MISSING,EVIDENCE_REGISTRY_MISSING;EVIDENCE_APPLIED_VALUE_MISSING
US0394831020,US0394831020,Archer Daniels Midland Co. Registered Shares o.N.,STANDARD,pe_current,UNKNOWN,UNKNOWN,,,,NOT_FOUND,,,,,,,MISSING,EVIDENCE_REGISTRY_MISSING;EVIDENCE_APPLIED_VALUE_MISSING
US0394831020,US0394831020,Archer Daniels Midland Co. Registered Shares o.N.,STANDARD,pe_hist,UNKNOWN,UNKNOWN,,,,NOT_FOUND,,,,,,,MISSING,EVIDENCE_REGISTRY_MISSING;EVIDENCE_APPLIED_VALUE_MISSING
US0394831020,US0394831020,Archer Daniels Midland Co. Registered Shares o.N.,STANDARD,revenue_cagr_5y,CORE_QUALITY_REQUIRED,CORE_QUALITY_REQUIRED,,,,NOT_FOUND,,,,,,,MISSING,EVIDENCE_REGISTRY_MISSING;EVIDENCE_APPLIED_VALUE_MISSING
US0394831020,US0394831020,Archer Daniels Midland Co. Registered Shares o.N.,STANDARD,roce,ADVANCED_OPTIONAL,ADVANCED_OPTIONAL,,,,NOT_FOUND,,,,,,,MISSING,EVIDENCE_REGISTRY_MISSING;EVIDENCE_APPLIED_VALUE_MISSING
US0394831020,US0394831020,Archer Daniels Midland Co. Registered Shares o.N.,STANDARD,roic,ADVANCED_OPTIONAL,ADVANCED_OPTIONAL,,,,NOT_FOUND,,,,,,,MISSING,EVIDENCE_REGISTRY_MISSING;EVIDENCE_APPLIED_VALUE_MISSING
US0394831020,US0394831020,Archer Daniels Midland Co. Registered Shares o.N.,STANDARD,share_count_cagr_5y,CORE_QUALITY_REQUIRED,CORE_QUALITY_REQUIRED,-2.97863,-2.97863,,EVIDENCE_REGISTRY,sec_companyfacts,SNAPSHOT_IMPORT,SEC CompanyFacts CIK0000007084 FY2025; accession(s)=0000007084-26-000011,2026-04-20,UNVERIFIED,APPLIED,TRUSTED,SOURCE_MATCHED
US0394831020,US0394831020,Archer Daniels Midland Co. Registered Shares o.N.,STANDARD,target_fcf_yield_pct,VALUATION_REQUIRED,VALUATION_REQUIRED,,,,NOT_FOUND,,,,,,,MISSING,EVIDENCE_REGISTRY_MISSING;EVIDENCE_APPLIED_VALUE_MISSING
US0846707026,US0846707026,"Berkshire Hathaway Inc. Reg.Shares B New DL -,00333",OTHER,buyback_yield,ADVANCED_OPTIONAL,ADVANCED_OPTIONAL,,,,NOT_APPLICABLE,,,,,,,NOT_APPLICABLE,PROFILE_NOT_STANDARD
US0846707026,US0846707026,"Berkshire Hathaway Inc. Reg.Shares B New DL -,00333",OTHER,dividend_cagr_5y,UNKNOWN,UNKNOWN,,,,NOT_APPLICABLE,,,,,,,NOT_APPLICABLE,PROFILE_NOT_STANDARD
US0846707026,US0846707026,"Berkshire Hathaway Inc. Reg.Shares B New DL -,00333",OTHER,dividend_streak_years,UNKNOWN,UNKNOWN,,,,NOT_APPLICABLE,,,,,,,NOT_APPLICABLE,PROFILE_NOT_STANDARD
US0846707026,US0846707026,"Berkshire Hathaway Inc. Reg.Shares B New DL -,00333",OTHER,dividend_yield_current_pct,UNKNOWN,UNKNOWN,,,,NOT_APPLICABLE,,,,,,,NOT_APPLICABLE,PROFILE_NOT_STANDARD
US0846707026,US0846707026,"Berkshire Hathaway Inc. Reg.Shares B New DL -,00333",OTHER,dividend_yield_hist_pct,UNKNOWN,UNKNOWN,,,,NOT_APPLICABLE,,,,,,,NOT_APPLICABLE,PROFILE_NOT_STANDARD
US0846707026,US0846707026,"Berkshire Hathaway Inc. Reg.Shares B New DL -,00333",OTHER,drawdown_from_high_pct,UNKNOWN,UNKNOWN,,,,NOT_APPLICABLE,,,,,,,NOT_APPLICABLE,PROFILE_NOT_STANDARD
US0846707026,US0846707026,"Berkshire Hathaway Inc. Reg.Shares B New DL -,00333",OTHER,eps_cagr_5y,CORE_QUALITY_REQUIRED,CORE_QUALITY_REQUIRED,,,,NOT_APPLICABLE,,,,,,,NOT_APPLICABLE,PROFILE_NOT_STANDARD
US0846707026,US0846707026,"Berkshire Hathaway Inc. Reg.Shares B New DL -,00333",OTHER,ev_ebit_current,UNKNOWN,UNKNOWN,,,,NOT_APPLICABLE,,,,,,,NOT_APPLICABLE,PROFILE_NOT_STANDARD
US0846707026,US0846707026,"Berkshire Hathaway Inc. Reg.Shares B New DL -,00333",OTHER,ev_ebit_hist,UNKNOWN,UNKNOWN,,,,NOT_APPLICABLE,,,,,,,NOT_APPLICABLE,PROFILE_NOT_STANDARD
US0846707026,US0846707026,"Berkshire Hathaway Inc. Reg.Shares B New DL -,00333",OTHER,expected_return_pct,UNKNOWN,UNKNOWN,,,,NOT_APPLICABLE,,,,,,,NOT_APPLICABLE,PROFILE_NOT_STANDARD
US0846707026,US0846707026,"Berkshire Hathaway Inc. Reg.Shares B New DL -,00333",OTHER,fcf_margin,DIVIDEND_FCF_REQUIRED,DIVIDEND_FCF_REQUIRED,,,,NOT_APPLICABLE,,,,,,,NOT_APPLICABLE,PROFILE_NOT_STANDARD
US0846707026,US0846707026,"Berkshire Hathaway Inc. Reg.Shares B New DL -,00333",OTHER,fcf_per_share_cagr_5y,DIVIDEND_FCF_REQUIRED,DIVIDEND_FCF_REQUIRED,,,,NOT_APPLICABLE,,,,,,,NOT_APPLICABLE,PROFILE_NOT_STANDARD
US0846707026,US0846707026,"Berkshire Hathaway Inc. Reg.Shares B New DL -,00333",OTHER,fcf_yield_current_pct,UNKNOWN,UNKNOWN,,,,NOT_APPLICABLE,,,,,,,NOT_APPLICABLE,PROFILE_NOT_STANDARD
US0846707026,US0846707026,"Berkshire Hathaway Inc. Reg.Shares B New DL -,00333",OTHER,fcf_yield_hist_pct,UNKNOWN,UNKNOWN,,,,NOT_APPLICABLE,,,,,,,NOT_APPLICABLE,PROFILE_NOT_STANDARD
US0846707026,US0846707026,"Berkshire Hathaway Inc. Reg.Shares B New DL -,00333",OTHER,gross_margin,CORE_QUALITY_REQUIRED,CORE_QUALITY_REQUIRED,,,,NOT_APPLICABLE,,,,,,,NOT_APPLICABLE,PROFILE_NOT_STANDARD
US0846707026,US0846707026,"Berkshire Hathaway Inc. Reg.Shares B New DL -,00333",OTHER,interest_coverage,ADVANCED_OPTIONAL,ADVANCED_OPTIONAL,,,,NOT_APPLICABLE,,,,,,,NOT_APPLICABLE,PROFILE_NOT_STANDARD
US0846707026,US0846707026,"Berkshire Hathaway Inc. Reg.Shares B New DL -,00333",OTHER,net_debt_to_ebitda,ADVANCED_OPTIONAL,ADVANCED_OPTIONAL,,,,NOT_APPLICABLE,,,,,,,NOT_APPLICABLE,PROFILE_NOT_STANDARD
US0846707026,US0846707026,"Berkshire Hathaway Inc. Reg.Shares B New DL -,00333",OTHER,normalized_fcf_yield_pct,VALUATION_REQUIRED,VALUATION_REQUIRED,,,,NOT_APPLICABLE,,,,,,,NOT_APPLICABLE,PROFILE_NOT_STANDARD
US0846707026,US0846707026,"Berkshire Hathaway Inc. Reg.Shares B New DL -,00333",OTHER,operating_margin,CORE_QUALITY_REQUIRED,CORE_QUALITY_REQUIRED,,,,NOT_APPLICABLE,,,,,,,NOT_APPLICABLE,PROFILE_NOT_STANDARD
US0846707026,US0846707026,"Berkshire Hathaway Inc. Reg.Shares B New DL -,00333",OTHER,payout_ratio_eps,UNKNOWN,UNKNOWN,,,,NOT_APPLICABLE,,,,,,,NOT_APPLICABLE,PROFILE_NOT_STANDARD
US0846707026,US0846707026,"Berkshire Hathaway Inc. Reg.Shares B New DL -,00333",OTHER,payout_ratio_fcf,DIVIDEND_FCF_REQUIRED,DIVIDEND_FCF_REQUIRED,,,,NOT_APPLICABLE,,,,,,,NOT_APPLICABLE,PROFILE_NOT_STANDARD
US0846707026,US0846707026,"Berkshire Hathaway Inc. Reg.Shares B New DL -,00333",OTHER,pe_current,UNKNOWN,UNKNOWN,,,,NOT_APPLICABLE,,,,,,,NOT_APPLICABLE,PROFILE_NOT_STANDARD
US0846707026,US0846707026,"Berkshire Hathaway Inc. Reg.Shares B New DL -,00333",OTHER,pe_hist,UNKNOWN,UNKNOWN,,,,NOT_APPLICABLE,,,,,,,NOT_APPLICABLE,PROFILE_NOT_STANDARD
US0846707026,US0846707026,"Berkshire Hathaway Inc. Reg.Shares B New DL -,00333",OTHER,revenue_cagr_5y,CORE_QUALITY_REQUIRED,CORE_QUALITY_REQUIRED,8.1984,8.1984,,NOT_APPLICABLE,,,,,,,NOT_APPLICABLE,PROFILE_NOT_STANDARD
US0846707026,US0846707026,"Berkshire Hathaway Inc. Reg.Shares B New DL -,00333",OTHER,roce,ADVANCED_OPTIONAL,ADVANCED_OPTIONAL,,,,NOT_APPLICABLE,,,,,,,NOT_APPLICABLE,PROFILE_NOT_STANDARD
US0846707026,US0846707026,"Berkshire Hathaway Inc. Reg.Shares B New DL -,00333",OTHER,roic,ADVANCED_OPTIONAL,ADVANCED_OPTIONAL,,,,NOT_APPLICABLE,,,,,,,NOT_APPLICABLE,PROFILE_NOT_STANDARD
US0846707026,US0846707026,"Berkshire Hathaway Inc. Reg.Shares B New DL -,00333",OTHER,share_count_cagr_5y,CORE_QUALITY_REQUIRED,CORE_QUALITY_REQUIRED,,,,NOT_APPLICABLE,,,,,,,NOT_APPLICABLE,PROFILE_NOT_STANDARD
US0846707026,US0846707026,"Berkshire Hathaway Inc. Reg.Shares B New DL -,00333",OTHER,target_fcf_yield_pct,VALUATION_REQUIRED,VALUATION_REQUIRED,,,,NOT_APPLICABLE,,,,,,,NOT_APPLICABLE,PROFILE_NOT_STANDARD
US09290D1019,US09290D1019,BlackRock Inc. Registered Shares o.N.,FINANCIAL,buyback_yield,ADVANCED_OPTIONAL,ADVANCED_OPTIONAL,,,,NOT_APPLICABLE,,,,,,,NOT_APPLICABLE,PROFILE_NOT_STANDARD
US09290D1019,US09290D1019,BlackRock Inc. Registered Shares o.N.,FINANCIAL,dividend_cagr_5y,UNKNOWN,UNKNOWN,,,,NOT_APPLICABLE,,,,,,,NOT_APPLICABLE,PROFILE_NOT_STANDARD
US09290D1019,US09290D1019,BlackRock Inc. Registered Shares o.N.,FINANCIAL,dividend_streak_years,UNKNOWN,UNKNOWN,,,,NOT_APPLICABLE,,,,,,,NOT_APPLICABLE,PROFILE_NOT_STANDARD
US09290D1019,US09290D1019,BlackRock Inc. Registered Shares o.N.,FINANCIAL,dividend_yield_current_pct,UNKNOWN,UNKNOWN,,,,NOT_APPLICABLE,,,,,,,NOT_APPLICABLE,PROFILE_NOT_STANDARD
US09290D1019,US09290D1019,BlackRock Inc. Registered Shares o.N.,FINANCIAL,dividend_yield_hist_pct,UNKNOWN,UNKNOWN,,,,NOT_APPLICABLE,,,,,,,NOT_APPLICABLE,PROFILE_NOT_STANDARD
US09290D1019,US09290D1019,BlackRock Inc. Registered Shares o.N.,FINANCIAL,drawdown_from_high_pct,UNKNOWN,UNKNOWN,,,,NOT_APPLICABLE,,,,,,,NOT_APPLICABLE,PROFILE_NOT_STANDARD
US09290D1019,US09290D1019,BlackRock Inc. Registered Shares o.N.,FINANCIAL,eps_cagr_5y,CORE_QUALITY_REQUIRED,CORE_QUALITY_REQUIRED,,,,NOT_APPLICABLE,,,,,,,NOT_APPLICABLE,PROFILE_NOT_STANDARD
US09290D1019,US09290D1019,BlackRock Inc. Registered Shares o.N.,FINANCIAL,ev_ebit_current,UNKNOWN,UNKNOWN,,,,NOT_APPLICABLE,,,,,,,NOT_APPLICABLE,PROFILE_NOT_STANDARD
US09290D1019,US09290D1019,BlackRock Inc. Registered Shares o.N.,FINANCIAL,ev_ebit_hist,UNKNOWN,UNKNOWN,,,,NOT_APPLICABLE,,,,,,,NOT_APPLICABLE,PROFILE_NOT_STANDARD
US09290D1019,US09290D1019,BlackRock Inc. Registered Shares o.N.,FINANCIAL,expected_return_pct,UNKNOWN,UNKNOWN,,,,NOT_APPLICABLE,,,,,,,NOT_APPLICABLE,PROFILE_NOT_STANDARD
US09290D1019,US09290D1019,BlackRock Inc. Registered Shares o.N.,FINANCIAL,fcf_margin,DIVIDEND_FCF_REQUIRED,DIVIDEND_FCF_REQUIRED,,,,NOT_APPLICABLE,,,,,,,NOT_APPLICABLE,PROFILE_NOT_STANDARD
US09290D1019,US09290D1019,BlackRock Inc. Registered Shares o.N.,FINANCIAL,fcf_per_share_cagr_5y,DIVIDEND_FCF_REQUIRED,DIVIDEND_FCF_REQUIRED,,,,NOT_APPLICABLE,,,,,,,NOT_APPLICABLE,PROFILE_NOT_STANDARD
US09290D1019,US09290D1019,BlackRock Inc. Registered Shares o.N.,FINANCIAL,fcf_yield_current_pct,UNKNOWN,UNKNOWN,,,,NOT_APPLICABLE,,,,,,,NOT_APPLICABLE,PROFILE_NOT_STANDARD
US09290D1019,US09290D1019,BlackRock Inc. Registered Shares o.N.,FINANCIAL,fcf_yield_hist_pct,UNKNOWN,UNKNOWN,,,,NOT_APPLICABLE,,,,,,,NOT_APPLICABLE,PROFILE_NOT_STANDARD
US09290D1019,US09290D1019,BlackRock Inc. Registered Shares o.N.,FINANCIAL,gross_margin,CORE_QUALITY_REQUIRED,CORE_QUALITY_REQUIRED,,,,NOT_APPLICABLE,,,,,,,NOT_APPLICABLE,PROFILE_NOT_STANDARD
US09290D1019,US09290D1019,BlackRock Inc. Registered Shares o.N.,FINANCIAL,interest_coverage,ADVANCED_OPTIONAL,ADVANCED_OPTIONAL,,,,NOT_APPLICABLE,,,,,,,NOT_APPLICABLE,PROFILE_NOT_STANDARD
US09290D1019,US09290D1019,BlackRock Inc. Registered Shares o.N.,FINANCIAL,net_debt_to_ebitda,ADVANCED_OPTIONAL,ADVANCED_OPTIONAL,,,,NOT_APPLICABLE,,,,,,,NOT_APPLICABLE,PROFILE_NOT_STANDARD
US09290D1019,US09290D1019,BlackRock Inc. Registered Shares o.N.,FINANCIAL,normalized_fcf_yield_pct,VALUATION_REQUIRED,VALUATION_REQUIRED,,,,NOT_APPLICABLE,,,,,,,NOT_APPLICABLE,PROFILE_NOT_STANDARD
US09290D1019,US09290D1019,BlackRock Inc. Registered Shares o.N.,FINANCIAL,operating_margin,CORE_QUALITY_REQUIRED,CORE_QUALITY_REQUIRED,29.0923,29.0923,,NOT_APPLICABLE,,,,,,,NOT_APPLICABLE,PROFILE_NOT_STANDARD
US09290D1019,US09290D1019,BlackRock Inc. Registered Shares o.N.,FINANCIAL,payout_ratio_eps,UNKNOWN,UNKNOWN,,,,NOT_APPLICABLE,,,,,,,NOT_APPLICABLE,PROFILE_NOT_STANDARD
US09290D1019,US09290D1019,BlackRock Inc. Registered Shares o.N.,FINANCIAL,payout_ratio_fcf,DIVIDEND_FCF_REQUIRED,DIVIDEND_FCF_REQUIRED,,,,NOT_APPLICABLE,,,,,,,NOT_APPLICABLE,PROFILE_NOT_STANDARD
US09290D1019,US09290D1019,BlackRock Inc. Registered Shares o.N.,FINANCIAL,pe_current,UNKNOWN,UNKNOWN,,,,NOT_APPLICABLE,,,,,,,NOT_APPLICABLE,PROFILE_NOT_STANDARD
US09290D1019,US09290D1019,BlackRock Inc. Registered Shares o.N.,FINANCIAL,pe_hist,UNKNOWN,UNKNOWN,,,,NOT_APPLICABLE,,,,,,,NOT_APPLICABLE,PROFILE_NOT_STANDARD
US09290D1019,US09290D1019,BlackRock Inc. Registered Shares o.N.,FINANCIAL,revenue_cagr_5y,CORE_QUALITY_REQUIRED,CORE_QUALITY_REQUIRED,,,,NOT_APPLICABLE,,,,,,,NOT_APPLICABLE,PROFILE_NOT_STANDARD
US09290D1019,US09290D1019,BlackRock Inc. Registered Shares o.N.,FINANCIAL,roce,ADVANCED_OPTIONAL,ADVANCED_OPTIONAL,,,,NOT_APPLICABLE,,,,,,,NOT_APPLICABLE,PROFILE_NOT_STANDARD
US09290D1019,US09290D1019,BlackRock Inc. Registered Shares o.N.,FINANCIAL,roic,ADVANCED_OPTIONAL,ADVANCED_OPTIONAL,,,,NOT_APPLICABLE,,,,,,,NOT_APPLICABLE,PROFILE_NOT_STANDARD
US09290D1019,US09290D1019,BlackRock Inc. Registered Shares o.N.,FINANCIAL,share_count_cagr_5y,CORE_QUALITY_REQUIRED,CORE_QUALITY_REQUIRED,,,,NOT_APPLICABLE,,,,,,,NOT_APPLICABLE,PROFILE_NOT_STANDARD
US09290D1019,US09290D1019,BlackRock Inc. Registered Shares o.N.,FINANCIAL,target_fcf_yield_pct,VALUATION_REQUIRED,VALUATION_REQUIRED,,,,NOT_APPLICABLE,,,,,,,NOT_APPLICABLE,PROFILE_NOT_STANDARD
US22788C1053,US22788C1053,"Crowdstrike Holdings Inc Registered Shs Cl.A DL-,0005",STANDARD,buyback_yield,ADVANCED_OPTIONAL,ADVANCED_OPTIONAL,,,,NOT_FOUND,,,,,,,MISSING,EVIDENCE_REGISTRY_MISSING;EVIDENCE_APPLIED_VALUE_MISSING
US22788C1053,US22788C1053,"Crowdstrike Holdings Inc Registered Shs Cl.A DL-,0005",STANDARD,dividend_cagr_5y,UNKNOWN,UNKNOWN,,,,NOT_FOUND,,,,,,,MISSING,EVIDENCE_REGISTRY_MISSING;EVIDENCE_APPLIED_VALUE_MISSING
US22788C1053,US22788C1053,"Crowdstrike Holdings Inc Registered Shs Cl.A DL-,0005",STANDARD,dividend_streak_years,UNKNOWN,UNKNOWN,,,,NOT_FOUND,,,,,,,MISSING,EVIDENCE_REGISTRY_MISSING;EVIDENCE_APPLIED_VALUE_MISSING
US22788C1053,US22788C1053,"Crowdstrike Holdings Inc Registered Shs Cl.A DL-,0005",STANDARD,dividend_yield_current_pct,UNKNOWN,UNKNOWN,,,,NOT_FOUND,,,,,,,MISSING,EVIDENCE_REGISTRY_MISSING;EVIDENCE_APPLIED_VALUE_MISSING
US22788C1053,US22788C1053,"Crowdstrike Holdings Inc Registered Shs Cl.A DL-,0005",STANDARD,dividend_yield_hist_pct,UNKNOWN,UNKNOWN,,,,NOT_FOUND,,,,,,,MISSING,EVIDENCE_REGISTRY_MISSING;EVIDENCE_APPLIED_VALUE_MISSING
US22788C1053,US22788C1053,"Crowdstrike Holdings Inc Registered Shs Cl.A DL-,0005",STANDARD,drawdown_from_high_pct,UNKNOWN,UNKNOWN,,,,NOT_FOUND,,,,,,,MISSING,EVIDENCE_REGISTRY_MISSING;EVIDENCE_APPLIED_VALUE_MISSING
US22788C1053,US22788C1053,"Crowdstrike Holdings Inc Registered Shs Cl.A DL-,0005",STANDARD,eps_cagr_5y,CORE_QUALITY_REQUIRED,CORE_QUALITY_REQUIRED,,,,NOT_FOUND,,,,,,,MISSING,EVIDENCE_REGISTRY_MISSING;EVIDENCE_APPLIED_VALUE_MISSING
US22788C1053,US22788C1053,"Crowdstrike Holdings Inc Registered Shs Cl.A DL-,0005",STANDARD,ev_ebit_current,UNKNOWN,UNKNOWN,,,,NOT_FOUND,,,,,,,MISSING,EVIDENCE_REGISTRY_MISSING;EVIDENCE_APPLIED_VALUE_MISSING
US22788C1053,US22788C1053,"Crowdstrike Holdings Inc Registered Shs Cl.A DL-,0005",STANDARD,ev_ebit_hist,UNKNOWN,UNKNOWN,,,,NOT_FOUND,,,,,,,MISSING,EVIDENCE_REGISTRY_MISSING;EVIDENCE_APPLIED_VALUE_MISSING
US22788C1053,US22788C1053,"Crowdstrike Holdings Inc Registered Shs Cl.A DL-,0005",STANDARD,expected_return_pct,UNKNOWN,UNKNOWN,,,,NOT_FOUND,,,,,,,MISSING,EVIDENCE_REGISTRY_MISSING;EVIDENCE_APPLIED_VALUE_MISSING
US22788C1053,US22788C1053,"Crowdstrike Holdings Inc Registered Shs Cl.A DL-,0005",STANDARD,fcf_margin,DIVIDEND_FCF_REQUIRED,DIVIDEND_FCF_REQUIRED,,,,NOT_FOUND,,,,,,,MISSING,EVIDENCE_REGISTRY_MISSING;EVIDENCE_APPLIED_VALUE_MISSING
US22788C1053,US22788C1053,"Crowdstrike Holdings Inc Registered Shs Cl.A DL-,0005",STANDARD,fcf_per_share_cagr_5y,DIVIDEND_FCF_REQUIRED,DIVIDEND_FCF_REQUIRED,,,,NOT_FOUND,,,,,,,MISSING,EVIDENCE_REGISTRY_MISSING;EVIDENCE_APPLIED_VALUE_MISSING
US22788C1053,US22788C1053,"Crowdstrike Holdings Inc Registered Shs Cl.A DL-,0005",STANDARD,fcf_yield_current_pct,UNKNOWN,UNKNOWN,,,,NOT_FOUND,,,,,,,MISSING,EVIDENCE_REGISTRY_MISSING;EVIDENCE_APPLIED_VALUE_MISSING
US22788C1053,US22788C1053,"Crowdstrike Holdings Inc Registered Shs Cl.A DL-,0005",STANDARD,fcf_yield_hist_pct,UNKNOWN,UNKNOWN,,,,NOT_FOUND,,,,,,,MISSING,EVIDENCE_REGISTRY_MISSING;EVIDENCE_APPLIED_VALUE_MISSING
US22788C1053,US22788C1053,"Crowdstrike Holdings Inc Registered Shs Cl.A DL-,0005",STANDARD,gross_margin,CORE_QUALITY_REQUIRED,CORE_QUALITY_REQUIRED,,,,NOT_FOUND,,,,,,,MISSING,EVIDENCE_REGISTRY_MISSING;EVIDENCE_APPLIED_VALUE_MISSING
US22788C1053,US22788C1053,"Crowdstrike Holdings Inc Registered Shs Cl.A DL-,0005",STANDARD,interest_coverage,ADVANCED_OPTIONAL,ADVANCED_OPTIONAL,,,,NOT_FOUND,,,,,,,MISSING,EVIDENCE_REGISTRY_MISSING;EVIDENCE_APPLIED_VALUE_MISSING
US22788C1053,US22788C1053,"Crowdstrike Holdings Inc Registered Shs Cl.A DL-,0005",STANDARD,net_debt_to_ebitda,ADVANCED_OPTIONAL,ADVANCED_OPTIONAL,,,,NOT_FOUND,,,,,,,MISSING,EVIDENCE_REGISTRY_MISSING;EVIDENCE_APPLIED_VALUE_MISSING
US22788C1053,US22788C1053,"Crowdstrike Holdings Inc Registered Shs Cl.A DL-,0005",STANDARD,normalized_fcf_yield_pct,VALUATION_REQUIRED,VALUATION_REQUIRED,,,,NOT_FOUND,,,,,,,MISSING,EVIDENCE_REGISTRY_MISSING;EVIDENCE_APPLIED_VALUE_MISSING
US22788C1053,US22788C1053,"Crowdstrike Holdings Inc Registered Shs Cl.A DL-,0005",STANDARD,operating_margin,CORE_QUALITY_REQUIRED,CORE_QUALITY_REQUIRED,,,,NOT_FOUND,,,,,,,MISSING,EVIDENCE_REGISTRY_MISSING;EVIDENCE_APPLIED_VALUE_MISSING
US22788C1053,US22788C1053,"Crowdstrike Holdings Inc Registered Shs Cl.A DL-,0005",STANDARD,payout_ratio_eps,UNKNOWN,UNKNOWN,,,,NOT_FOUND,,,,,,,MISSING,EVIDENCE_REGISTRY_MISSING;EVIDENCE_APPLIED_VALUE_MISSING
US22788C1053,US22788C1053,"Crowdstrike Holdings Inc Registered Shs Cl.A DL-,0005",STANDARD,payout_ratio_fcf,DIVIDEND_FCF_REQUIRED,DIVIDEND_FCF_REQUIRED,,,,NOT_FOUND,,,,,,,MISSING,EVIDENCE_REGISTRY_MISSING;EVIDENCE_APPLIED_VALUE_MISSING
US22788C1053,US22788C1053,"Crowdstrike Holdings Inc Registered Shs Cl.A DL-,0005",STANDARD,pe_current,UNKNOWN,UNKNOWN,,,,NOT_FOUND,,,,,,,MISSING,EVIDENCE_REGISTRY_MISSING;EVIDENCE_APPLIED_VALUE_MISSING
US22788C1053,US22788C1053,"Crowdstrike Holdings Inc Registered Shs Cl.A DL-,0005",STANDARD,pe_hist,UNKNOWN,UNKNOWN,,,,NOT_FOUND,,,,,,,MISSING,EVIDENCE_REGISTRY_MISSING;EVIDENCE_APPLIED_VALUE_MISSING
US22788C1053,US22788C1053,"Crowdstrike Holdings Inc Registered Shs Cl.A DL-,0005",STANDARD,revenue_cagr_5y,CORE_QUALITY_REQUIRED,CORE_QUALITY_REQUIRED,,,,NOT_FOUND,,,,,,,MISSING,EVIDENCE_REGISTRY_MISSING;EVIDENCE_APPLIED_VALUE_MISSING
US22788C1053,US22788C1053,"Crowdstrike Holdings Inc Registered Shs Cl.A DL-,0005",STANDARD,roce,ADVANCED_OPTIONAL,ADVANCED_OPTIONAL,,,,NOT_FOUND,,,,,,,MISSING,EVIDENCE_REGISTRY_MISSING;EVIDENCE_APPLIED_VALUE_MISSING
US22788C1053,US22788C1053,"Crowdstrike Holdings Inc Registered Shs Cl.A DL-,0005",STANDARD,roic,ADVANCED_OPTIONAL,ADVANCED_OPTIONAL,,,,NOT_FOUND,,,,,,,MISSING,EVIDENCE_REGISTRY_MISSING;EVIDENCE_APPLIED_VALUE_MISSING
US22788C1053,US22788C1053,"Crowdstrike Holdings Inc Registered Shs Cl.A DL-,0005",STANDARD,share_count_cagr_5y,CORE_QUALITY_REQUIRED,CORE_QUALITY_REQUIRED,,,,NOT_FOUND,,,,,,,MISSING,EVIDENCE_REGISTRY_MISSING;EVIDENCE_APPLIED_VALUE_MISSING
US22788C1053,US22788C1053,"Crowdstrike Holdings Inc Registered Shs Cl.A DL-,0005",STANDARD,target_fcf_yield_pct,VALUATION_REQUIRED,VALUATION_REQUIRED,,,,NOT_FOUND,,,,,,,MISSING,EVIDENCE_REGISTRY_MISSING;EVIDENCE_APPLIED_VALUE_MISSING
US2546871060,US2546871060,"Walt Disney Co., The Registered Shares DL -,01",STANDARD,buyback_yield,ADVANCED_OPTIONAL,ADVANCED_OPTIONAL,,,,NOT_FOUND,,,,,,,MISSING,EVIDENCE_REGISTRY_MISSING;EVIDENCE_APPLIED_VALUE_MISSING
US2546871060,US2546871060,"Walt Disney Co., The Registered Shares DL -,01",STANDARD,dividend_cagr_5y,UNKNOWN,UNKNOWN,,,,NOT_FOUND,,,,,,,MISSING,EVIDENCE_REGISTRY_MISSING;EVIDENCE_APPLIED_VALUE_MISSING
US2546871060,US2546871060,"Walt Disney Co., The Registered Shares DL -,01",STANDARD,dividend_streak_years,UNKNOWN,UNKNOWN,,,,NOT_FOUND,,,,,,,MISSING,EVIDENCE_REGISTRY_MISSING;EVIDENCE_APPLIED_VALUE_MISSING
US2546871060,US2546871060,"Walt Disney Co., The Registered Shares DL -,01",STANDARD,dividend_yield_current_pct,UNKNOWN,UNKNOWN,,,,NOT_FOUND,,,,,,,MISSING,EVIDENCE_REGISTRY_MISSING;EVIDENCE_APPLIED_VALUE_MISSING
US2546871060,US2546871060,"Walt Disney Co., The Registered Shares DL -,01",STANDARD,dividend_yield_hist_pct,UNKNOWN,UNKNOWN,,,,NOT_FOUND,,,,,,,MISSING,EVIDENCE_REGISTRY_MISSING;EVIDENCE_APPLIED_VALUE_MISSING
US2546871060,US2546871060,"Walt Disney Co., The Registered Shares DL -,01",STANDARD,drawdown_from_high_pct,UNKNOWN,UNKNOWN,,,,NOT_FOUND,,,,,,,MISSING,EVIDENCE_REGISTRY_MISSING;EVIDENCE_APPLIED_VALUE_MISSING
US2546871060,US2546871060,"Walt Disney Co., The Registered Shares DL -,01",STANDARD,eps_cagr_5y,CORE_QUALITY_REQUIRED,CORE_QUALITY_REQUIRED,,,,NOT_FOUND,,,,,,,MISSING,EVIDENCE_REGISTRY_MISSING;EVIDENCE_APPLIED_VALUE_MISSING
US2546871060,US2546871060,"Walt Disney Co., The Registered Shares DL -,01",STANDARD,ev_ebit_current,UNKNOWN,UNKNOWN,,,,NOT_FOUND,,,,,,,MISSING,EVIDENCE_REGISTRY_MISSING;EVIDENCE_APPLIED_VALUE_MISSING
US2546871060,US2546871060,"Walt Disney Co., The Registered Shares DL -,01",STANDARD,ev_ebit_hist,UNKNOWN,UNKNOWN,,,,NOT_FOUND,,,,,,,MISSING,EVIDENCE_REGISTRY_MISSING;EVIDENCE_APPLIED_VALUE_MISSING
US2546871060,US2546871060,"Walt Disney Co., The Registered Shares DL -,01",STANDARD,expected_return_pct,UNKNOWN,UNKNOWN,,,,NOT_FOUND,,,,,,,MISSING,EVIDENCE_REGISTRY_MISSING;EVIDENCE_APPLIED_VALUE_MISSING
US2546871060,US2546871060,"Walt Disney Co., The Registered Shares DL -,01",STANDARD,fcf_margin,DIVIDEND_FCF_REQUIRED,DIVIDEND_FCF_REQUIRED,,,,NOT_FOUND,,,,,,,MISSING,EVIDENCE_REGISTRY_MISSING;EVIDENCE_APPLIED_VALUE_MISSING
US2546871060,US2546871060,"Walt Disney Co., The Registered Shares DL -,01",STANDARD,fcf_per_share_cagr_5y,DIVIDEND_FCF_REQUIRED,DIVIDEND_FCF_REQUIRED,,,,NOT_FOUND,,,,,,,MISSING,EVIDENCE_REGISTRY_MISSING;EVIDENCE_APPLIED_VALUE_MISSING
US2546871060,US2546871060,"Walt Disney Co., The Registered Shares DL -,01",STANDARD,fcf_yield_current_pct,UNKNOWN,UNKNOWN,,,,NOT_FOUND,,,,,,,MISSING,EVIDENCE_REGISTRY_MISSING;EVIDENCE_APPLIED_VALUE_MISSING
US2546871060,US2546871060,"Walt Disney Co., The Registered Shares DL -,01",STANDARD,fcf_yield_hist_pct,UNKNOWN,UNKNOWN,,,,NOT_FOUND,,,,,,,MISSING,EVIDENCE_REGISTRY_MISSING;EVIDENCE_APPLIED_VALUE_MISSING
US2546871060,US2546871060,"Walt Disney Co., The Registered Shares DL -,01",STANDARD,gross_margin,CORE_QUALITY_REQUIRED,CORE_QUALITY_REQUIRED,,,,NOT_FOUND,,,,,,,MISSING,EVIDENCE_REGISTRY_MISSING;EVIDENCE_APPLIED_VALUE_MISSING
US2546871060,US2546871060,"Walt Disney Co., The Registered Shares DL -,01",STANDARD,interest_coverage,ADVANCED_OPTIONAL,ADVANCED_OPTIONAL,,,,NOT_FOUND,,,,,,,MISSING,EVIDENCE_REGISTRY_MISSING;EVIDENCE_APPLIED_VALUE_MISSING
US2546871060,US2546871060,"Walt Disney Co., The Registered Shares DL -,01",STANDARD,net_debt_to_ebitda,ADVANCED_OPTIONAL,ADVANCED_OPTIONAL,,,,NOT_FOUND,,,,,,,MISSING,EVIDENCE_REGISTRY_MISSING;EVIDENCE_APPLIED_VALUE_MISSING
US2546871060,US2546871060,"Walt Disney Co., The Registered Shares DL -,01",STANDARD,normalized_fcf_yield_pct,VALUATION_REQUIRED,VALUATION_REQUIRED,,,,NOT_FOUND,,,,,,,MISSING,EVIDENCE_REGISTRY_MISSING;EVIDENCE_APPLIED_VALUE_MISSING
US2546871060,US2546871060,"Walt Disney Co., The Registered Shares DL -,01",STANDARD,operating_margin,CORE_QUALITY_REQUIRED,CORE_QUALITY_REQUIRED,18.5872,18.5872,,EVIDENCE_REGISTRY,sec_companyfacts,SNAPSHOT_IMPORT,SEC CompanyFacts CIK0001744489 FY2025; accession(s)=0001744489-25-000155,2026-04-20,UNVERIFIED,APPLIED,TRUSTED,SOURCE_MATCHED
US2546871060,US2546871060,"Walt Disney Co., The Registered Shares DL -,01",STANDARD,payout_ratio_eps,UNKNOWN,UNKNOWN,,,,NOT_FOUND,,,,,,,MISSING,EVIDENCE_REGISTRY_MISSING;EVIDENCE_APPLIED_VALUE_MISSING
US2546871060,US2546871060,"Walt Disney Co., The Registered Shares DL -,01",STANDARD,payout_ratio_fcf,DIVIDEND_FCF_REQUIRED,DIVIDEND_FCF_REQUIRED,,,,NOT_FOUND,,,,,,,MISSING,EVIDENCE_REGISTRY_MISSING;EVIDENCE_APPLIED_VALUE_MISSING
US2546871060,US2546871060,"Walt Disney Co., The Registered Shares DL -,01",STANDARD,pe_current,UNKNOWN,UNKNOWN,,,,NOT_FOUND,,,,,,,MISSING,EVIDENCE_REGISTRY_MISSING;EVIDENCE_APPLIED_VALUE_MISSING
US2546871060,US2546871060,"Walt Disney Co., The Registered Shares DL -,01",STANDARD,pe_hist,UNKNOWN,UNKNOWN,,,,NOT_FOUND,,,,,,,MISSING,EVIDENCE_REGISTRY_MISSING;EVIDENCE_APPLIED_VALUE_MISSING
US2546871060,US2546871060,"Walt Disney Co., The Registered Shares DL -,01",STANDARD,revenue_cagr_5y,CORE_QUALITY_REQUIRED,CORE_QUALITY_REQUIRED,45.0483,45.0483,,EVIDENCE_REGISTRY,sec_companyfacts,SNAPSHOT_IMPORT,SEC CompanyFacts CIK0001744489 FY2025; accession(s)=0001744489-25-000155,2026-04-20,UNVERIFIED,APPLIED,TRUSTED,SOURCE_MATCHED
US2546871060,US2546871060,"Walt Disney Co., The Registered Shares DL -,01",STANDARD,roce,ADVANCED_OPTIONAL,ADVANCED_OPTIONAL,,,,NOT_FOUND,,,,,,,MISSING,EVIDENCE_REGISTRY_MISSING;EVIDENCE_APPLIED_VALUE_MISSING
US2546871060,US2546871060,"Walt Disney Co., The Registered Shares DL -,01",STANDARD,roic,ADVANCED_OPTIONAL,ADVANCED_OPTIONAL,,,,NOT_FOUND,,,,,,,MISSING,EVIDENCE_REGISTRY_MISSING;EVIDENCE_APPLIED_VALUE_MISSING
US2546871060,US2546871060,"Walt Disney Co., The Registered Shares DL -,01",STANDARD,share_count_cagr_5y,CORE_QUALITY_REQUIRED,CORE_QUALITY_REQUIRED,0.0331638,0.0331638,,EVIDENCE_REGISTRY,sec_companyfacts,SNAPSHOT_IMPORT,SEC CompanyFacts CIK0001744489 FY2025; accession(s)=0001744489-25-000155,2026-04-20,UNVERIFIED,APPLIED,TRUSTED,SOURCE_MATCHED
US2546871060,US2546871060,"Walt Disney Co., The Registered Shares DL -,01",STANDARD,target_fcf_yield_pct,VALUATION_REQUIRED,VALUATION_REQUIRED,,,,NOT_FOUND,,,,,,,MISSING,EVIDENCE_REGISTRY_MISSING;EVIDENCE_APPLIED_VALUE_MISSING
US5949181045,US5949181045,"Microsoft Corp. Registered Shares DL-,00000625",STANDARD,buyback_yield,ADVANCED_OPTIONAL,ADVANCED_OPTIONAL,,,,NOT_FOUND,,,,,,,MISSING,EVIDENCE_REGISTRY_MISSING;EVIDENCE_APPLIED_VALUE_MISSING
US5949181045,US5949181045,"Microsoft Corp. Registered Shares DL-,00000625",STANDARD,dividend_cagr_5y,UNKNOWN,UNKNOWN,,,,NOT_FOUND,,,,,,,MISSING,EVIDENCE_REGISTRY_MISSING;EVIDENCE_APPLIED_VALUE_MISSING
US5949181045,US5949181045,"Microsoft Corp. Registered Shares DL-,00000625",STANDARD,dividend_streak_years,UNKNOWN,UNKNOWN,,,,NOT_FOUND,,,,,,,MISSING,EVIDENCE_REGISTRY_MISSING;EVIDENCE_APPLIED_VALUE_MISSING
US5949181045,US5949181045,"Microsoft Corp. Registered Shares DL-,00000625",STANDARD,dividend_yield_current_pct,UNKNOWN,UNKNOWN,,,,NOT_FOUND,,,,,,,MISSING,EVIDENCE_REGISTRY_MISSING;EVIDENCE_APPLIED_VALUE_MISSING
US5949181045,US5949181045,"Microsoft Corp. Registered Shares DL-,00000625",STANDARD,dividend_yield_hist_pct,UNKNOWN,UNKNOWN,,,,NOT_FOUND,,,,,,,MISSING,EVIDENCE_REGISTRY_MISSING;EVIDENCE_APPLIED_VALUE_MISSING
US5949181045,US5949181045,"Microsoft Corp. Registered Shares DL-,00000625",STANDARD,drawdown_from_high_pct,UNKNOWN,UNKNOWN,,,,NOT_FOUND,,,,,,,MISSING,EVIDENCE_REGISTRY_MISSING;EVIDENCE_APPLIED_VALUE_MISSING
US5949181045,US5949181045,"Microsoft Corp. Registered Shares DL-,00000625",STANDARD,eps_cagr_5y,CORE_QUALITY_REQUIRED,CORE_QUALITY_REQUIRED,56.348,56.348,,EVIDENCE_REGISTRY,sec_companyfacts,SNAPSHOT_IMPORT,SEC CompanyFacts CIK0000789019 FY2025; accession(s)=0000950170-25-100235,2026-04-20,UNVERIFIED,APPLIED,TRUSTED,SOURCE_MATCHED
US5949181045,US5949181045,"Microsoft Corp. Registered Shares DL-,00000625",STANDARD,ev_ebit_current,UNKNOWN,UNKNOWN,,,,NOT_FOUND,,,,,,,MISSING,EVIDENCE_REGISTRY_MISSING;EVIDENCE_APPLIED_VALUE_MISSING
US5949181045,US5949181045,"Microsoft Corp. Registered Shares DL-,00000625",STANDARD,ev_ebit_hist,UNKNOWN,UNKNOWN,,,,NOT_FOUND,,,,,,,MISSING,EVIDENCE_REGISTRY_MISSING;EVIDENCE_APPLIED_VALUE_MISSING
US5949181045,US5949181045,"Microsoft Corp. Registered Shares DL-,00000625",STANDARD,expected_return_pct,UNKNOWN,UNKNOWN,,,,NOT_FOUND,,,,,,,MISSING,EVIDENCE_REGISTRY_MISSING;EVIDENCE_APPLIED_VALUE_MISSING
US5949181045,US5949181045,"Microsoft Corp. Registered Shares DL-,00000625",STANDARD,fcf_margin,DIVIDEND_FCF_REQUIRED,DIVIDEND_FCF_REQUIRED,,,,NOT_FOUND,,,,,,,MISSING,EVIDENCE_REGISTRY_MISSING;EVIDENCE_APPLIED_VALUE_MISSING
US5949181045,US5949181045,"Microsoft Corp. Registered Shares DL-,00000625",STANDARD,fcf_per_share_cagr_5y,DIVIDEND_FCF_REQUIRED,DIVIDEND_FCF_REQUIRED,,,,NOT_FOUND,,,,,,,MISSING,EVIDENCE_REGISTRY_MISSING;EVIDENCE_APPLIED_VALUE_MISSING
US5949181045,US5949181045,"Microsoft Corp. Registered Shares DL-,00000625",STANDARD,fcf_yield_current_pct,UNKNOWN,UNKNOWN,,,,NOT_FOUND,,,,,,,MISSING,EVIDENCE_REGISTRY_MISSING;EVIDENCE_APPLIED_VALUE_MISSING
US5949181045,US5949181045,"Microsoft Corp. Registered Shares DL-,00000625",STANDARD,fcf_yield_hist_pct,UNKNOWN,UNKNOWN,,,,NOT_FOUND,,,,,,,MISSING,EVIDENCE_REGISTRY_MISSING;EVIDENCE_APPLIED_VALUE_MISSING
US5949181045,US5949181045,"Microsoft Corp. Registered Shares DL-,00000625",STANDARD,gross_margin,CORE_QUALITY_REQUIRED,CORE_QUALITY_REQUIRED,68.8237,68.8237,,EVIDENCE_REGISTRY,sec_companyfacts,SNAPSHOT_IMPORT,SEC CompanyFacts CIK0000789019 FY2025; accession(s)=0000950170-25-100235,2026-04-20,UNVERIFIED,APPLIED,TRUSTED,SOURCE_MATCHED
US5949181045,US5949181045,"Microsoft Corp. Registered Shares DL-,00000625",STANDARD,interest_coverage,ADVANCED_OPTIONAL,ADVANCED_OPTIONAL,,,,NOT_FOUND,,,,,,,MISSING,EVIDENCE_REGISTRY_MISSING;EVIDENCE_APPLIED_VALUE_MISSING
US5949181045,US5949181045,"Microsoft Corp. Registered Shares DL-,00000625",STANDARD,net_debt_to_ebitda,ADVANCED_OPTIONAL,ADVANCED_OPTIONAL,,,,NOT_FOUND,,,,,,,MISSING,EVIDENCE_REGISTRY_MISSING;EVIDENCE_APPLIED_VALUE_MISSING
US5949181045,US5949181045,"Microsoft Corp. Registered Shares DL-,00000625",STANDARD,normalized_fcf_yield_pct,VALUATION_REQUIRED,VALUATION_REQUIRED,,,,NOT_FOUND,,,,,,,MISSING,EVIDENCE_REGISTRY_MISSING;EVIDENCE_APPLIED_VALUE_MISSING
US5949181045,US5949181045,"Microsoft Corp. Registered Shares DL-,00000625",STANDARD,operating_margin,CORE_QUALITY_REQUIRED,CORE_QUALITY_REQUIRED,45.622,45.622,,EVIDENCE_REGISTRY,sec_companyfacts,SNAPSHOT_IMPORT,SEC CompanyFacts CIK0000789019 FY2025; accession(s)=0000950170-25-100235,2026-04-20,UNVERIFIED,APPLIED,TRUSTED,SOURCE_MATCHED
US5949181045,US5949181045,"Microsoft Corp. Registered Shares DL-,00000625",STANDARD,payout_ratio_eps,UNKNOWN,UNKNOWN,,,,NOT_FOUND,,,,,,,MISSING,EVIDENCE_REGISTRY_MISSING;EVIDENCE_APPLIED_VALUE_MISSING
US5949181045,US5949181045,"Microsoft Corp. Registered Shares DL-,00000625",STANDARD,payout_ratio_fcf,DIVIDEND_FCF_REQUIRED,DIVIDEND_FCF_REQUIRED,,,,NOT_FOUND,,,,,,,MISSING,EVIDENCE_REGISTRY_MISSING;EVIDENCE_APPLIED_VALUE_MISSING
US5949181045,US5949181045,"Microsoft Corp. Registered Shares DL-,00000625",STANDARD,pe_current,UNKNOWN,UNKNOWN,,,,NOT_FOUND,,,,,,,MISSING,EVIDENCE_REGISTRY_MISSING;EVIDENCE_APPLIED_VALUE_MISSING
US5949181045,US5949181045,"Microsoft Corp. Registered Shares DL-,00000625",STANDARD,pe_hist,UNKNOWN,UNKNOWN,,,,NOT_FOUND,,,,,,,MISSING,EVIDENCE_REGISTRY_MISSING;EVIDENCE_APPLIED_VALUE_MISSING
US5949181045,US5949181045,"Microsoft Corp. Registered Shares DL-,00000625",STANDARD,revenue_cagr_5y,CORE_QUALITY_REQUIRED,CORE_QUALITY_REQUIRED,49.2563,49.2563,,EVIDENCE_REGISTRY,sec_companyfacts,SNAPSHOT_IMPORT,SEC CompanyFacts CIK0000789019 FY2025; accession(s)=0000950170-25-100235,2026-04-20,UNVERIFIED,APPLIED,TRUSTED,SOURCE_MATCHED
US5949181045,US5949181045,"Microsoft Corp. Registered Shares DL-,00000625",STANDARD,roce,ADVANCED_OPTIONAL,ADVANCED_OPTIONAL,,,,NOT_FOUND,,,,,,,MISSING,EVIDENCE_REGISTRY_MISSING;EVIDENCE_APPLIED_VALUE_MISSING
US5949181045,US5949181045,"Microsoft Corp. Registered Shares DL-,00000625",STANDARD,roic,ADVANCED_OPTIONAL,ADVANCED_OPTIONAL,,,,NOT_FOUND,,,,,,,MISSING,EVIDENCE_REGISTRY_MISSING;EVIDENCE_APPLIED_VALUE_MISSING
US5949181045,US5949181045,"Microsoft Corp. Registered Shares DL-,00000625",STANDARD,share_count_cagr_5y,CORE_QUALITY_REQUIRED,CORE_QUALITY_REQUIRED,-0.574039,-0.574039,,EVIDENCE_REGISTRY,sec_companyfacts,SNAPSHOT_IMPORT,SEC CompanyFacts CIK0000789019 FY2025; accession(s)=0000950170-25-100235,2026-04-20,UNVERIFIED,APPLIED,TRUSTED,SOURCE_MATCHED
US5949181045,US5949181045,"Microsoft Corp. Registered Shares DL-,00000625",STANDARD,target_fcf_yield_pct,VALUATION_REQUIRED,VALUATION_REQUIRED,,,,NOT_FOUND,,,,,,,MISSING,EVIDENCE_REGISTRY_MISSING;EVIDENCE_APPLIED_VALUE_MISSING
US69608A1088,US69608A1088,Palantir Technologies Inc. Registered Shares o.N.,STANDARD,buyback_yield,ADVANCED_OPTIONAL,ADVANCED_OPTIONAL,,,,NOT_FOUND,,,,,,,MISSING,EVIDENCE_REGISTRY_MISSING;EVIDENCE_APPLIED_VALUE_MISSING
US69608A1088,US69608A1088,Palantir Technologies Inc. Registered Shares o.N.,STANDARD,dividend_cagr_5y,UNKNOWN,UNKNOWN,,,,NOT_FOUND,,,,,,,MISSING,EVIDENCE_REGISTRY_MISSING;EVIDENCE_APPLIED_VALUE_MISSING
US69608A1088,US69608A1088,Palantir Technologies Inc. Registered Shares o.N.,STANDARD,dividend_streak_years,UNKNOWN,UNKNOWN,,,,NOT_FOUND,,,,,,,MISSING,EVIDENCE_REGISTRY_MISSING;EVIDENCE_APPLIED_VALUE_MISSING
US69608A1088,US69608A1088,Palantir Technologies Inc. Registered Shares o.N.,STANDARD,dividend_yield_current_pct,UNKNOWN,UNKNOWN,,,,NOT_FOUND,,,,,,,MISSING,EVIDENCE_REGISTRY_MISSING;EVIDENCE_APPLIED_VALUE_MISSING
US69608A1088,US69608A1088,Palantir Technologies Inc. Registered Shares o.N.,STANDARD,dividend_yield_hist_pct,UNKNOWN,UNKNOWN,,,,NOT_FOUND,,,,,,,MISSING,EVIDENCE_REGISTRY_MISSING;EVIDENCE_APPLIED_VALUE_MISSING
US69608A1088,US69608A1088,Palantir Technologies Inc. Registered Shares o.N.,STANDARD,drawdown_from_high_pct,UNKNOWN,UNKNOWN,,,,NOT_FOUND,,,,,,,MISSING,EVIDENCE_REGISTRY_MISSING;EVIDENCE_APPLIED_VALUE_MISSING
US69608A1088,US69608A1088,Palantir Technologies Inc. Registered Shares o.N.,STANDARD,eps_cagr_5y,CORE_QUALITY_REQUIRED,CORE_QUALITY_REQUIRED,,,,NOT_FOUND,,,,,,,MISSING,EVIDENCE_REGISTRY_MISSING;EVIDENCE_APPLIED_VALUE_MISSING
US69608A1088,US69608A1088,Palantir Technologies Inc. Registered Shares o.N.,STANDARD,ev_ebit_current,UNKNOWN,UNKNOWN,,,,NOT_FOUND,,,,,,,MISSING,EVIDENCE_REGISTRY_MISSING;EVIDENCE_APPLIED_VALUE_MISSING
US69608A1088,US69608A1088,Palantir Technologies Inc. Registered Shares o.N.,STANDARD,ev_ebit_hist,UNKNOWN,UNKNOWN,,,,NOT_FOUND,,,,,,,MISSING,EVIDENCE_REGISTRY_MISSING;EVIDENCE_APPLIED_VALUE_MISSING
US69608A1088,US69608A1088,Palantir Technologies Inc. Registered Shares o.N.,STANDARD,expected_return_pct,UNKNOWN,UNKNOWN,,,,NOT_FOUND,,,,,,,MISSING,EVIDENCE_REGISTRY_MISSING;EVIDENCE_APPLIED_VALUE_MISSING
US69608A1088,US69608A1088,Palantir Technologies Inc. Registered Shares o.N.,STANDARD,fcf_margin,DIVIDEND_FCF_REQUIRED,DIVIDEND_FCF_REQUIRED,,,,NOT_FOUND,,,,,,,MISSING,EVIDENCE_REGISTRY_MISSING;EVIDENCE_APPLIED_VALUE_MISSING
US69608A1088,US69608A1088,Palantir Technologies Inc. Registered Shares o.N.,STANDARD,fcf_per_share_cagr_5y,DIVIDEND_FCF_REQUIRED,DIVIDEND_FCF_REQUIRED,,,,NOT_FOUND,,,,,,,MISSING,EVIDENCE_REGISTRY_MISSING;EVIDENCE_APPLIED_VALUE_MISSING
US69608A1088,US69608A1088,Palantir Technologies Inc. Registered Shares o.N.,STANDARD,fcf_yield_current_pct,UNKNOWN,UNKNOWN,,,,NOT_FOUND,,,,,,,MISSING,EVIDENCE_REGISTRY_MISSING;EVIDENCE_APPLIED_VALUE_MISSING
US69608A1088,US69608A1088,Palantir Technologies Inc. Registered Shares o.N.,STANDARD,fcf_yield_hist_pct,UNKNOWN,UNKNOWN,,,,NOT_FOUND,,,,,,,MISSING,EVIDENCE_REGISTRY_MISSING;EVIDENCE_APPLIED_VALUE_MISSING
US69608A1088,US69608A1088,Palantir Technologies Inc. Registered Shares o.N.,STANDARD,gross_margin,CORE_QUALITY_REQUIRED,CORE_QUALITY_REQUIRED,82.3665,82.3665,,EVIDENCE_REGISTRY,sec_companyfacts,SNAPSHOT_IMPORT,SEC CompanyFacts CIK0001321655 FY2025; accession(s)=0001321655-26-000011,2026-04-20,UNVERIFIED,APPLIED,TRUSTED,SOURCE_MATCHED
US69608A1088,US69608A1088,Palantir Technologies Inc. Registered Shares o.N.,STANDARD,interest_coverage,ADVANCED_OPTIONAL,ADVANCED_OPTIONAL,,,,NOT_FOUND,,,,,,,MISSING,EVIDENCE_REGISTRY_MISSING;EVIDENCE_APPLIED_VALUE_MISSING
US69608A1088,US69608A1088,Palantir Technologies Inc. Registered Shares o.N.,STANDARD,net_debt_to_ebitda,ADVANCED_OPTIONAL,ADVANCED_OPTIONAL,,,,NOT_FOUND,,,,,,,MISSING,EVIDENCE_REGISTRY_MISSING;EVIDENCE_APPLIED_VALUE_MISSING
US69608A1088,US69608A1088,Palantir Technologies Inc. Registered Shares o.N.,STANDARD,normalized_fcf_yield_pct,VALUATION_REQUIRED,VALUATION_REQUIRED,,,,NOT_FOUND,,,,,,,MISSING,EVIDENCE_REGISTRY_MISSING;EVIDENCE_APPLIED_VALUE_MISSING
US69608A1088,US69608A1088,Palantir Technologies Inc. Registered Shares o.N.,STANDARD,operating_margin,CORE_QUALITY_REQUIRED,CORE_QUALITY_REQUIRED,31.595,31.595,,EVIDENCE_REGISTRY,sec_companyfacts,SNAPSHOT_IMPORT,SEC CompanyFacts CIK0001321655 FY2025; accession(s)=0001321655-26-000011,2026-04-20,UNVERIFIED,APPLIED,TRUSTED,SOURCE_MATCHED
US69608A1088,US69608A1088,Palantir Technologies Inc. Registered Shares o.N.,STANDARD,payout_ratio_eps,UNKNOWN,UNKNOWN,,,,NOT_FOUND,,,,,,,MISSING,EVIDENCE_REGISTRY_MISSING;EVIDENCE_APPLIED_VALUE_MISSING
US69608A1088,US69608A1088,Palantir Technologies Inc. Registered Shares o.N.,STANDARD,payout_ratio_fcf,DIVIDEND_FCF_REQUIRED,DIVIDEND_FCF_REQUIRED,,,,NOT_FOUND,,,,,,,MISSING,EVIDENCE_REGISTRY_MISSING;EVIDENCE_APPLIED_VALUE_MISSING
US69608A1088,US69608A1088,Palantir Technologies Inc. Registered Shares o.N.,STANDARD,pe_current,UNKNOWN,UNKNOWN,,,,NOT_FOUND,,,,,,,MISSING,EVIDENCE_REGISTRY_MISSING;EVIDENCE_APPLIED_VALUE_MISSING
US69608A1088,US69608A1088,Palantir Technologies Inc. Registered Shares o.N.,STANDARD,pe_hist,UNKNOWN,UNKNOWN,,,,NOT_FOUND,,,,,,,MISSING,EVIDENCE_REGISTRY_MISSING;EVIDENCE_APPLIED_VALUE_MISSING
US69608A1088,US69608A1088,Palantir Technologies Inc. Registered Shares o.N.,STANDARD,revenue_cagr_5y,CORE_QUALITY_REQUIRED,CORE_QUALITY_REQUIRED,32.5773,32.5773,,EVIDENCE_REGISTRY,sec_companyfacts,SNAPSHOT_IMPORT,SEC CompanyFacts CIK0001321655 FY2025; accession(s)=0001321655-26-000011,2026-04-20,UNVERIFIED,APPLIED,TRUSTED,SOURCE_MATCHED
US69608A1088,US69608A1088,Palantir Technologies Inc. Registered Shares o.N.,STANDARD,roce,ADVANCED_OPTIONAL,ADVANCED_OPTIONAL,,,,NOT_FOUND,,,,,,,MISSING,EVIDENCE_REGISTRY_MISSING;EVIDENCE_APPLIED_VALUE_MISSING
US69608A1088,US69608A1088,Palantir Technologies Inc. Registered Shares o.N.,STANDARD,roic,ADVANCED_OPTIONAL,ADVANCED_OPTIONAL,,,,NOT_FOUND,,,,,,,MISSING,EVIDENCE_REGISTRY_MISSING;EVIDENCE_APPLIED_VALUE_MISSING
US69608A1088,US69608A1088,Palantir Technologies Inc. Registered Shares o.N.,STANDARD,share_count_cagr_5y,CORE_QUALITY_REQUIRED,CORE_QUALITY_REQUIRED,21.2379,21.2379,,EVIDENCE_REGISTRY,sec_companyfacts,SNAPSHOT_IMPORT,SEC CompanyFacts CIK0001321655 FY2025; accession(s)=0001321655-26-000011,2026-04-20,UNVERIFIED,APPLIED,TRUSTED,SOURCE_MATCHED
US69608A1088,US69608A1088,Palantir Technologies Inc. Registered Shares o.N.,STANDARD,target_fcf_yield_pct,VALUATION_REQUIRED,VALUATION_REQUIRED,,,,NOT_FOUND,,,,,,,MISSING,EVIDENCE_REGISTRY_MISSING;EVIDENCE_APPLIED_VALUE_MISSING
US8522341036,US8522341036,Block Inc. Registered Shs Class A,STANDARD,buyback_yield,ADVANCED_OPTIONAL,ADVANCED_OPTIONAL,,,,NOT_FOUND,,,,,,,MISSING,EVIDENCE_REGISTRY_MISSING;EVIDENCE_APPLIED_VALUE_MISSING
US8522341036,US8522341036,Block Inc. Registered Shs Class A,STANDARD,dividend_cagr_5y,UNKNOWN,UNKNOWN,,,,NOT_FOUND,,,,,,,MISSING,EVIDENCE_REGISTRY_MISSING;EVIDENCE_APPLIED_VALUE_MISSING
US8522341036,US8522341036,Block Inc. Registered Shs Class A,STANDARD,dividend_streak_years,UNKNOWN,UNKNOWN,,,,NOT_FOUND,,,,,,,MISSING,EVIDENCE_REGISTRY_MISSING;EVIDENCE_APPLIED_VALUE_MISSING
US8522341036,US8522341036,Block Inc. Registered Shs Class A,STANDARD,dividend_yield_current_pct,UNKNOWN,UNKNOWN,,,,NOT_FOUND,,,,,,,MISSING,EVIDENCE_REGISTRY_MISSING;EVIDENCE_APPLIED_VALUE_MISSING
US8522341036,US8522341036,Block Inc. Registered Shs Class A,STANDARD,dividend_yield_hist_pct,UNKNOWN,UNKNOWN,,,,NOT_FOUND,,,,,,,MISSING,EVIDENCE_REGISTRY_MISSING;EVIDENCE_APPLIED_VALUE_MISSING
US8522341036,US8522341036,Block Inc. Registered Shs Class A,STANDARD,drawdown_from_high_pct,UNKNOWN,UNKNOWN,,,,NOT_FOUND,,,,,,,MISSING,EVIDENCE_REGISTRY_MISSING;EVIDENCE_APPLIED_VALUE_MISSING
US8522341036,US8522341036,Block Inc. Registered Shs Class A,STANDARD,eps_cagr_5y,CORE_QUALITY_REQUIRED,CORE_QUALITY_REQUIRED,36.6952,36.6952,,EVIDENCE_REGISTRY,sec_companyfacts,SNAPSHOT_IMPORT,SEC CompanyFacts CIK0001512673 FY2025; accession(s)=0001628280-26-012254,2026-04-20,UNVERIFIED,APPLIED,TRUSTED,SOURCE_MATCHED
US8522341036,US8522341036,Block Inc. Registered Shs Class A,STANDARD,ev_ebit_current,UNKNOWN,UNKNOWN,,,,NOT_FOUND,,,,,,,MISSING,EVIDENCE_REGISTRY_MISSING;EVIDENCE_APPLIED_VALUE_MISSING
US8522341036,US8522341036,Block Inc. Registered Shs Class A,STANDARD,ev_ebit_hist,UNKNOWN,UNKNOWN,,,,NOT_FOUND,,,,,,,MISSING,EVIDENCE_REGISTRY_MISSING;EVIDENCE_APPLIED_VALUE_MISSING
US8522341036,US8522341036,Block Inc. Registered Shs Class A,STANDARD,expected_return_pct,UNKNOWN,UNKNOWN,,,,NOT_FOUND,,,,,,,MISSING,EVIDENCE_REGISTRY_MISSING;EVIDENCE_APPLIED_VALUE_MISSING
US8522341036,US8522341036,Block Inc. Registered Shs Class A,STANDARD,fcf_margin,DIVIDEND_FCF_REQUIRED,DIVIDEND_FCF_REQUIRED,,,,NOT_FOUND,,,,,,,MISSING,EVIDENCE_REGISTRY_MISSING;EVIDENCE_APPLIED_VALUE_MISSING
US8522341036,US8522341036,Block Inc. Registered Shs Class A,STANDARD,fcf_per_share_cagr_5y,DIVIDEND_FCF_REQUIRED,DIVIDEND_FCF_REQUIRED,,,,NOT_FOUND,,,,,,,MISSING,EVIDENCE_REGISTRY_MISSING;EVIDENCE_APPLIED_VALUE_MISSING
US8522341036,US8522341036,Block Inc. Registered Shs Class A,STANDARD,fcf_yield_current_pct,UNKNOWN,UNKNOWN,,,,NOT_FOUND,,,,,,,MISSING,EVIDENCE_REGISTRY_MISSING;EVIDENCE_APPLIED_VALUE_MISSING
US8522341036,US8522341036,Block Inc. Registered Shs Class A,STANDARD,fcf_yield_hist_pct,UNKNOWN,UNKNOWN,,,,NOT_FOUND,,,,,,,MISSING,EVIDENCE_REGISTRY_MISSING;EVIDENCE_APPLIED_VALUE_MISSING
US8522341036,US8522341036,Block Inc. Registered Shs Class A,STANDARD,gross_margin,CORE_QUALITY_REQUIRED,CORE_QUALITY_REQUIRED,,,,NOT_FOUND,,,,,,,MISSING,EVIDENCE_REGISTRY_MISSING;EVIDENCE_APPLIED_VALUE_MISSING
US8522341036,US8522341036,Block Inc. Registered Shs Class A,STANDARD,interest_coverage,ADVANCED_OPTIONAL,ADVANCED_OPTIONAL,,,,NOT_FOUND,,,,,,,MISSING,EVIDENCE_REGISTRY_MISSING;EVIDENCE_APPLIED_VALUE_MISSING
US8522341036,US8522341036,Block Inc. Registered Shs Class A,STANDARD,net_debt_to_ebitda,ADVANCED_OPTIONAL,ADVANCED_OPTIONAL,,,,NOT_FOUND,,,,,,,MISSING,EVIDENCE_REGISTRY_MISSING;EVIDENCE_APPLIED_VALUE_MISSING
US8522341036,US8522341036,Block Inc. Registered Shs Class A,STANDARD,normalized_fcf_yield_pct,VALUATION_REQUIRED,VALUATION_REQUIRED,,,,NOT_FOUND,,,,,,,MISSING,EVIDENCE_REGISTRY_MISSING;EVIDENCE_APPLIED_VALUE_MISSING
US8522341036,US8522341036,Block Inc. Registered Shs Class A,STANDARD,operating_margin,CORE_QUALITY_REQUIRED,CORE_QUALITY_REQUIRED,,,,NOT_FOUND,,,,,,,MISSING,EVIDENCE_REGISTRY_MISSING;EVIDENCE_APPLIED_VALUE_MISSING
US8522341036,US8522341036,Block Inc. Registered Shs Class A,STANDARD,payout_ratio_eps,UNKNOWN,UNKNOWN,,,,NOT_FOUND,,,,,,,MISSING,EVIDENCE_REGISTRY_MISSING;EVIDENCE_APPLIED_VALUE_MISSING
US8522341036,US8522341036,Block Inc. Registered Shs Class A,STANDARD,payout_ratio_fcf,DIVIDEND_FCF_REQUIRED,DIVIDEND_FCF_REQUIRED,,,,NOT_FOUND,,,,,,,MISSING,EVIDENCE_REGISTRY_MISSING;EVIDENCE_APPLIED_VALUE_MISSING
US8522341036,US8522341036,Block Inc. Registered Shs Class A,STANDARD,pe_current,UNKNOWN,UNKNOWN,,,,NOT_FOUND,,,,,,,MISSING,EVIDENCE_REGISTRY_MISSING;EVIDENCE_APPLIED_VALUE_MISSING
US8522341036,US8522341036,Block Inc. Registered Shs Class A,STANDARD,pe_hist,UNKNOWN,UNKNOWN,,,,NOT_FOUND,,,,,,,MISSING,EVIDENCE_REGISTRY_MISSING;EVIDENCE_APPLIED_VALUE_MISSING
US8522341036,US8522341036,Block Inc. Registered Shs Class A,STANDARD,revenue_cagr_5y,CORE_QUALITY_REQUIRED,CORE_QUALITY_REQUIRED,,,,NOT_FOUND,,,,,,,MISSING,EVIDENCE_REGISTRY_MISSING;EVIDENCE_APPLIED_VALUE_MISSING
US8522341036,US8522341036,Block Inc. Registered Shs Class A,STANDARD,roce,ADVANCED_OPTIONAL,ADVANCED_OPTIONAL,,,,NOT_FOUND,,,,,,,MISSING,EVIDENCE_REGISTRY_MISSING;EVIDENCE_APPLIED_VALUE_MISSING
US8522341036,US8522341036,Block Inc. Registered Shs Class A,STANDARD,roic,ADVANCED_OPTIONAL,ADVANCED_OPTIONAL,,,,NOT_FOUND,,,,,,,MISSING,EVIDENCE_REGISTRY_MISSING;EVIDENCE_APPLIED_VALUE_MISSING
US8522341036,US8522341036,Block Inc. Registered Shs Class A,STANDARD,share_count_cagr_5y,CORE_QUALITY_REQUIRED,CORE_QUALITY_REQUIRED,5.25325,5.25325,,EVIDENCE_REGISTRY,sec_companyfacts,SNAPSHOT_IMPORT,SEC CompanyFacts CIK0001512673 FY2025; accession(s)=0001628280-26-012254,2026-04-20,UNVERIFIED,APPLIED,TRUSTED,SOURCE_MATCHED
US8522341036,US8522341036,Block Inc. Registered Shs Class A,STANDARD,target_fcf_yield_pct,VALUATION_REQUIRED,VALUATION_REQUIRED,,,,NOT_FOUND,,,,,,,MISSING,EVIDENCE_REGISTRY_MISSING;EVIDENCE_APPLIED_VALUE_MISSING
US8740391003,US8740391003,Taiwan Semiconduct.Manufact.Co Reg.Shs (Spons.ADRs)/5 TA 10,OTHER,buyback_yield,ADVANCED_OPTIONAL,ADVANCED_OPTIONAL,,,,NOT_APPLICABLE,,,,,,,NOT_APPLICABLE,PROFILE_NOT_STANDARD
US8740391003,US8740391003,Taiwan Semiconduct.Manufact.Co Reg.Shs (Spons.ADRs)/5 TA 10,OTHER,dividend_cagr_5y,UNKNOWN,UNKNOWN,,,,NOT_APPLICABLE,,,,,,,NOT_APPLICABLE,PROFILE_NOT_STANDARD
US8740391003,US8740391003,Taiwan Semiconduct.Manufact.Co Reg.Shs (Spons.ADRs)/5 TA 10,OTHER,dividend_streak_years,UNKNOWN,UNKNOWN,,,,NOT_APPLICABLE,,,,,,,NOT_APPLICABLE,PROFILE_NOT_STANDARD
US8740391003,US8740391003,Taiwan Semiconduct.Manufact.Co Reg.Shs (Spons.ADRs)/5 TA 10,OTHER,dividend_yield_current_pct,UNKNOWN,UNKNOWN,,,,NOT_APPLICABLE,,,,,,,NOT_APPLICABLE,PROFILE_NOT_STANDARD
US8740391003,US8740391003,Taiwan Semiconduct.Manufact.Co Reg.Shs (Spons.ADRs)/5 TA 10,OTHER,dividend_yield_hist_pct,UNKNOWN,UNKNOWN,,,,NOT_APPLICABLE,,,,,,,NOT_APPLICABLE,PROFILE_NOT_STANDARD
US8740391003,US8740391003,Taiwan Semiconduct.Manufact.Co Reg.Shs (Spons.ADRs)/5 TA 10,OTHER,drawdown_from_high_pct,UNKNOWN,UNKNOWN,,,,NOT_APPLICABLE,,,,,,,NOT_APPLICABLE,PROFILE_NOT_STANDARD
US8740391003,US8740391003,Taiwan Semiconduct.Manufact.Co Reg.Shs (Spons.ADRs)/5 TA 10,OTHER,eps_cagr_5y,CORE_QUALITY_REQUIRED,CORE_QUALITY_REQUIRED,,,,NOT_APPLICABLE,,,,,,,NOT_APPLICABLE,PROFILE_NOT_STANDARD
US8740391003,US8740391003,Taiwan Semiconduct.Manufact.Co Reg.Shs (Spons.ADRs)/5 TA 10,OTHER,ev_ebit_current,UNKNOWN,UNKNOWN,,,,NOT_APPLICABLE,,,,,,,NOT_APPLICABLE,PROFILE_NOT_STANDARD
US8740391003,US8740391003,Taiwan Semiconduct.Manufact.Co Reg.Shs (Spons.ADRs)/5 TA 10,OTHER,ev_ebit_hist,UNKNOWN,UNKNOWN,,,,NOT_APPLICABLE,,,,,,,NOT_APPLICABLE,PROFILE_NOT_STANDARD
US8740391003,US8740391003,Taiwan Semiconduct.Manufact.Co Reg.Shs (Spons.ADRs)/5 TA 10,OTHER,expected_return_pct,UNKNOWN,UNKNOWN,,,,NOT_APPLICABLE,,,,,,,NOT_APPLICABLE,PROFILE_NOT_STANDARD
US8740391003,US8740391003,Taiwan Semiconduct.Manufact.Co Reg.Shs (Spons.ADRs)/5 TA 10,OTHER,fcf_margin,DIVIDEND_FCF_REQUIRED,DIVIDEND_FCF_REQUIRED,,,,NOT_APPLICABLE,,,,,,,NOT_APPLICABLE,PROFILE_NOT_STANDARD
US8740391003,US8740391003,Taiwan Semiconduct.Manufact.Co Reg.Shs (Spons.ADRs)/5 TA 10,OTHER,fcf_per_share_cagr_5y,DIVIDEND_FCF_REQUIRED,DIVIDEND_FCF_REQUIRED,,,,NOT_APPLICABLE,,,,,,,NOT_APPLICABLE,PROFILE_NOT_STANDARD
US8740391003,US8740391003,Taiwan Semiconduct.Manufact.Co Reg.Shs (Spons.ADRs)/5 TA 10,OTHER,fcf_yield_current_pct,UNKNOWN,UNKNOWN,,,,NOT_APPLICABLE,,,,,,,NOT_APPLICABLE,PROFILE_NOT_STANDARD
US8740391003,US8740391003,Taiwan Semiconduct.Manufact.Co Reg.Shs (Spons.ADRs)/5 TA 10,OTHER,fcf_yield_hist_pct,UNKNOWN,UNKNOWN,,,,NOT_APPLICABLE,,,,,,,NOT_APPLICABLE,PROFILE_NOT_STANDARD
US8740391003,US8740391003,Taiwan Semiconduct.Manufact.Co Reg.Shs (Spons.ADRs)/5 TA 10,OTHER,gross_margin,CORE_QUALITY_REQUIRED,CORE_QUALITY_REQUIRED,,,,NOT_APPLICABLE,,,,,,,NOT_APPLICABLE,PROFILE_NOT_STANDARD
US8740391003,US8740391003,Taiwan Semiconduct.Manufact.Co Reg.Shs (Spons.ADRs)/5 TA 10,OTHER,interest_coverage,ADVANCED_OPTIONAL,ADVANCED_OPTIONAL,,,,NOT_APPLICABLE,,,,,,,NOT_APPLICABLE,PROFILE_NOT_STANDARD
US8740391003,US8740391003,Taiwan Semiconduct.Manufact.Co Reg.Shs (Spons.ADRs)/5 TA 10,OTHER,net_debt_to_ebitda,ADVANCED_OPTIONAL,ADVANCED_OPTIONAL,,,,NOT_APPLICABLE,,,,,,,NOT_APPLICABLE,PROFILE_NOT_STANDARD
US8740391003,US8740391003,Taiwan Semiconduct.Manufact.Co Reg.Shs (Spons.ADRs)/5 TA 10,OTHER,normalized_fcf_yield_pct,VALUATION_REQUIRED,VALUATION_REQUIRED,,,,NOT_APPLICABLE,,,,,,,NOT_APPLICABLE,PROFILE_NOT_STANDARD
US8740391003,US8740391003,Taiwan Semiconduct.Manufact.Co Reg.Shs (Spons.ADRs)/5 TA 10,OTHER,operating_margin,CORE_QUALITY_REQUIRED,CORE_QUALITY_REQUIRED,,,,NOT_APPLICABLE,,,,,,,NOT_APPLICABLE,PROFILE_NOT_STANDARD
US8740391003,US8740391003,Taiwan Semiconduct.Manufact.Co Reg.Shs (Spons.ADRs)/5 TA 10,OTHER,payout_ratio_eps,UNKNOWN,UNKNOWN,,,,NOT_APPLICABLE,,,,,,,NOT_APPLICABLE,PROFILE_NOT_STANDARD
US8740391003,US8740391003,Taiwan Semiconduct.Manufact.Co Reg.Shs (Spons.ADRs)/5 TA 10,OTHER,payout_ratio_fcf,DIVIDEND_FCF_REQUIRED,DIVIDEND_FCF_REQUIRED,,,,NOT_APPLICABLE,,,,,,,NOT_APPLICABLE,PROFILE_NOT_STANDARD
US8740391003,US8740391003,Taiwan Semiconduct.Manufact.Co Reg.Shs (Spons.ADRs)/5 TA 10,OTHER,pe_current,UNKNOWN,UNKNOWN,,,,NOT_APPLICABLE,,,,,,,NOT_APPLICABLE,PROFILE_NOT_STANDARD
US8740391003,US8740391003,Taiwan Semiconduct.Manufact.Co Reg.Shs (Spons.ADRs)/5 TA 10,OTHER,pe_hist,UNKNOWN,UNKNOWN,,,,NOT_APPLICABLE,,,,,,,NOT_APPLICABLE,PROFILE_NOT_STANDARD
US8740391003,US8740391003,Taiwan Semiconduct.Manufact.Co Reg.Shs (Spons.ADRs)/5 TA 10,OTHER,revenue_cagr_5y,CORE_QUALITY_REQUIRED,CORE_QUALITY_REQUIRED,,,,NOT_APPLICABLE,,,,,,,NOT_APPLICABLE,PROFILE_NOT_STANDARD
US8740391003,US8740391003,Taiwan Semiconduct.Manufact.Co Reg.Shs (Spons.ADRs)/5 TA 10,OTHER,roce,ADVANCED_OPTIONAL,ADVANCED_OPTIONAL,,,,NOT_APPLICABLE,,,,,,,NOT_APPLICABLE,PROFILE_NOT_STANDARD
US8740391003,US8740391003,Taiwan Semiconduct.Manufact.Co Reg.Shs (Spons.ADRs)/5 TA 10,OTHER,roic,ADVANCED_OPTIONAL,ADVANCED_OPTIONAL,,,,NOT_APPLICABLE,,,,,,,NOT_APPLICABLE,PROFILE_NOT_STANDARD
US8740391003,US8740391003,Taiwan Semiconduct.Manufact.Co Reg.Shs (Spons.ADRs)/5 TA 10,OTHER,share_count_cagr_5y,CORE_QUALITY_REQUIRED,CORE_QUALITY_REQUIRED,,,,NOT_APPLICABLE,,,,,,,NOT_APPLICABLE,PROFILE_NOT_STANDARD
US8740391003,US8740391003,Taiwan Semiconduct.Manufact.Co Reg.Shs (Spons.ADRs)/5 TA 10,OTHER,target_fcf_yield_pct,VALUATION_REQUIRED,VALUATION_REQUIRED,,,,NOT_APPLICABLE,,,,,,,NOT_APPLICABLE,PROFILE_NOT_STANDARD
US92826C8394,US92826C8394,"VISA Inc. Reg. Shares Class A DL -,0001",STANDARD,buyback_yield,ADVANCED_OPTIONAL,ADVANCED_OPTIONAL,,,,NOT_FOUND,,,,,,,MISSING,EVIDENCE_REGISTRY_MISSING;EVIDENCE_APPLIED_VALUE_MISSING
US92826C8394,US92826C8394,"VISA Inc. Reg. Shares Class A DL -,0001",STANDARD,dividend_cagr_5y,UNKNOWN,UNKNOWN,,,,NOT_FOUND,,,,,,,MISSING,EVIDENCE_REGISTRY_MISSING;EVIDENCE_APPLIED_VALUE_MISSING
US92826C8394,US92826C8394,"VISA Inc. Reg. Shares Class A DL -,0001",STANDARD,dividend_streak_years,UNKNOWN,UNKNOWN,,,,NOT_FOUND,,,,,,,MISSING,EVIDENCE_REGISTRY_MISSING;EVIDENCE_APPLIED_VALUE_MISSING
US92826C8394,US92826C8394,"VISA Inc. Reg. Shares Class A DL -,0001",STANDARD,dividend_yield_current_pct,UNKNOWN,UNKNOWN,,,,NOT_FOUND,,,,,,,MISSING,EVIDENCE_REGISTRY_MISSING;EVIDENCE_APPLIED_VALUE_MISSING
US92826C8394,US92826C8394,"VISA Inc. Reg. Shares Class A DL -,0001",STANDARD,dividend_yield_hist_pct,UNKNOWN,UNKNOWN,,,,NOT_FOUND,,,,,,,MISSING,EVIDENCE_REGISTRY_MISSING;EVIDENCE_APPLIED_VALUE_MISSING
US92826C8394,US92826C8394,"VISA Inc. Reg. Shares Class A DL -,0001",STANDARD,drawdown_from_high_pct,UNKNOWN,UNKNOWN,,,,NOT_FOUND,,,,,,,MISSING,EVIDENCE_REGISTRY_MISSING;EVIDENCE_APPLIED_VALUE_MISSING
US92826C8394,US92826C8394,"VISA Inc. Reg. Shares Class A DL -,0001",STANDARD,eps_cagr_5y,CORE_QUALITY_REQUIRED,CORE_QUALITY_REQUIRED,,,,NOT_FOUND,,,,,,,MISSING,EVIDENCE_REGISTRY_MISSING;EVIDENCE_APPLIED_VALUE_MISSING
US92826C8394,US92826C8394,"VISA Inc. Reg. Shares Class A DL -,0001",STANDARD,ev_ebit_current,UNKNOWN,UNKNOWN,,,,NOT_FOUND,,,,,,,MISSING,EVIDENCE_REGISTRY_MISSING;EVIDENCE_APPLIED_VALUE_MISSING
US92826C8394,US92826C8394,"VISA Inc. Reg. Shares Class A DL -,0001",STANDARD,ev_ebit_hist,UNKNOWN,UNKNOWN,,,,NOT_FOUND,,,,,,,MISSING,EVIDENCE_REGISTRY_MISSING;EVIDENCE_APPLIED_VALUE_MISSING
US92826C8394,US92826C8394,"VISA Inc. Reg. Shares Class A DL -,0001",STANDARD,expected_return_pct,UNKNOWN,UNKNOWN,,,,NOT_FOUND,,,,,,,MISSING,EVIDENCE_REGISTRY_MISSING;EVIDENCE_APPLIED_VALUE_MISSING
US92826C8394,US92826C8394,"VISA Inc. Reg. Shares Class A DL -,0001",STANDARD,fcf_margin,DIVIDEND_FCF_REQUIRED,DIVIDEND_FCF_REQUIRED,,,,NOT_FOUND,,,,,,,MISSING,EVIDENCE_REGISTRY_MISSING;EVIDENCE_APPLIED_VALUE_MISSING
US92826C8394,US92826C8394,"VISA Inc. Reg. Shares Class A DL -,0001",STANDARD,fcf_per_share_cagr_5y,DIVIDEND_FCF_REQUIRED,DIVIDEND_FCF_REQUIRED,,,,NOT_FOUND,,,,,,,MISSING,EVIDENCE_REGISTRY_MISSING;EVIDENCE_APPLIED_VALUE_MISSING
US92826C8394,US92826C8394,"VISA Inc. Reg. Shares Class A DL -,0001",STANDARD,fcf_yield_current_pct,UNKNOWN,UNKNOWN,,,,NOT_FOUND,,,,,,,MISSING,EVIDENCE_REGISTRY_MISSING;EVIDENCE_APPLIED_VALUE_MISSING
US92826C8394,US92826C8394,"VISA Inc. Reg. Shares Class A DL -,0001",STANDARD,fcf_yield_hist_pct,UNKNOWN,UNKNOWN,,,,NOT_FOUND,,,,,,,MISSING,EVIDENCE_REGISTRY_MISSING;EVIDENCE_APPLIED_VALUE_MISSING
US92826C8394,US92826C8394,"VISA Inc. Reg. Shares Class A DL -,0001",STANDARD,gross_margin,CORE_QUALITY_REQUIRED,CORE_QUALITY_REQUIRED,,,,NOT_FOUND,,,,,,,MISSING,EVIDENCE_REGISTRY_MISSING;EVIDENCE_APPLIED_VALUE_MISSING
US92826C8394,US92826C8394,"VISA Inc. Reg. Shares Class A DL -,0001",STANDARD,interest_coverage,ADVANCED_OPTIONAL,ADVANCED_OPTIONAL,,,,NOT_FOUND,,,,,,,MISSING,EVIDENCE_REGISTRY_MISSING;EVIDENCE_APPLIED_VALUE_MISSING
US92826C8394,US92826C8394,"VISA Inc. Reg. Shares Class A DL -,0001",STANDARD,net_debt_to_ebitda,ADVANCED_OPTIONAL,ADVANCED_OPTIONAL,,,,NOT_FOUND,,,,,,,MISSING,EVIDENCE_REGISTRY_MISSING;EVIDENCE_APPLIED_VALUE_MISSING
US92826C8394,US92826C8394,"VISA Inc. Reg. Shares Class A DL -,0001",STANDARD,normalized_fcf_yield_pct,VALUATION_REQUIRED,VALUATION_REQUIRED,,,,NOT_FOUND,,,,,,,MISSING,EVIDENCE_REGISTRY_MISSING;EVIDENCE_APPLIED_VALUE_MISSING
US92826C8394,US92826C8394,"VISA Inc. Reg. Shares Class A DL -,0001",STANDARD,operating_margin,CORE_QUALITY_REQUIRED,CORE_QUALITY_REQUIRED,59.985,59.985,,EVIDENCE_REGISTRY,sec_companyfacts,SNAPSHOT_IMPORT,SEC CompanyFacts CIK0001403161 FY2025; accession(s)=0001403161-25-000089,2026-04-20,UNVERIFIED,APPLIED,TRUSTED,SOURCE_MATCHED
US92826C8394,US92826C8394,"VISA Inc. Reg. Shares Class A DL -,0001",STANDARD,payout_ratio_eps,UNKNOWN,UNKNOWN,,,,NOT_FOUND,,,,,,,MISSING,EVIDENCE_REGISTRY_MISSING;EVIDENCE_APPLIED_VALUE_MISSING
US92826C8394,US92826C8394,"VISA Inc. Reg. Shares Class A DL -,0001",STANDARD,payout_ratio_fcf,DIVIDEND_FCF_REQUIRED,DIVIDEND_FCF_REQUIRED,,,,NOT_FOUND,,,,,,,MISSING,EVIDENCE_REGISTRY_MISSING;EVIDENCE_APPLIED_VALUE_MISSING
US92826C8394,US92826C8394,"VISA Inc. Reg. Shares Class A DL -,0001",STANDARD,pe_current,UNKNOWN,UNKNOWN,,,,NOT_FOUND,,,,,,,MISSING,EVIDENCE_REGISTRY_MISSING;EVIDENCE_APPLIED_VALUE_MISSING
US92826C8394,US92826C8394,"VISA Inc. Reg. Shares Class A DL -,0001",STANDARD,pe_hist,UNKNOWN,UNKNOWN,,,,NOT_FOUND,,,,,,,MISSING,EVIDENCE_REGISTRY_MISSING;EVIDENCE_APPLIED_VALUE_MISSING
US92826C8394,US92826C8394,"VISA Inc. Reg. Shares Class A DL -,0001",STANDARD,revenue_cagr_5y,CORE_QUALITY_REQUIRED,CORE_QUALITY_REQUIRED,,,,NOT_FOUND,,,,,,,MISSING,EVIDENCE_REGISTRY_MISSING;EVIDENCE_APPLIED_VALUE_MISSING
US92826C8394,US92826C8394,"VISA Inc. Reg. Shares Class A DL -,0001",STANDARD,roce,ADVANCED_OPTIONAL,ADVANCED_OPTIONAL,,,,NOT_FOUND,,,,,,,MISSING,EVIDENCE_REGISTRY_MISSING;EVIDENCE_APPLIED_VALUE_MISSING
US92826C8394,US92826C8394,"VISA Inc. Reg. Shares Class A DL -,0001",STANDARD,roic,ADVANCED_OPTIONAL,ADVANCED_OPTIONAL,,,,NOT_FOUND,,,,,,,MISSING,EVIDENCE_REGISTRY_MISSING;EVIDENCE_APPLIED_VALUE_MISSING
US92826C8394,US92826C8394,"VISA Inc. Reg. Shares Class A DL -,0001",STANDARD,share_count_cagr_5y,CORE_QUALITY_REQUIRED,CORE_QUALITY_REQUIRED,,,,NOT_FOUND,,,,,,,MISSING,EVIDENCE_REGISTRY_MISSING;EVIDENCE_APPLIED_VALUE_MISSING
US92826C8394,US92826C8394,"VISA Inc. Reg. Shares Class A DL -,0001",STANDARD,target_fcf_yield_pct,VALUATION_REQUIRED,VALUATION_REQUIRED,,,,NOT_FOUND,,,,,,,MISSING,EVIDENCE_REGISTRY_MISSING;EVIDENCE_APPLIED_VALUE_MISSING
US98138J5039,US98138J5039,"Workhorse Group Inc. Registered Shares New DL-,001",STANDARD,buyback_yield,ADVANCED_OPTIONAL,ADVANCED_OPTIONAL,,,,NOT_FOUND,,,,,,,MISSING,EVIDENCE_REGISTRY_MISSING;EVIDENCE_APPLIED_VALUE_MISSING
US98138J5039,US98138J5039,"Workhorse Group Inc. Registered Shares New DL-,001",STANDARD,dividend_cagr_5y,UNKNOWN,UNKNOWN,,,,NOT_FOUND,,,,,,,MISSING,EVIDENCE_REGISTRY_MISSING;EVIDENCE_APPLIED_VALUE_MISSING
US98138J5039,US98138J5039,"Workhorse Group Inc. Registered Shares New DL-,001",STANDARD,dividend_streak_years,UNKNOWN,UNKNOWN,,,,NOT_FOUND,,,,,,,MISSING,EVIDENCE_REGISTRY_MISSING;EVIDENCE_APPLIED_VALUE_MISSING
US98138J5039,US98138J5039,"Workhorse Group Inc. Registered Shares New DL-,001",STANDARD,dividend_yield_current_pct,UNKNOWN,UNKNOWN,,,,NOT_FOUND,,,,,,,MISSING,EVIDENCE_REGISTRY_MISSING;EVIDENCE_APPLIED_VALUE_MISSING
US98138J5039,US98138J5039,"Workhorse Group Inc. Registered Shares New DL-,001",STANDARD,dividend_yield_hist_pct,UNKNOWN,UNKNOWN,,,,NOT_FOUND,,,,,,,MISSING,EVIDENCE_REGISTRY_MISSING;EVIDENCE_APPLIED_VALUE_MISSING
US98138J5039,US98138J5039,"Workhorse Group Inc. Registered Shares New DL-,001",STANDARD,drawdown_from_high_pct,UNKNOWN,UNKNOWN,,,,NOT_FOUND,,,,,,,MISSING,EVIDENCE_REGISTRY_MISSING;EVIDENCE_APPLIED_VALUE_MISSING
US98138J5039,US98138J5039,"Workhorse Group Inc. Registered Shares New DL-,001",STANDARD,eps_cagr_5y,CORE_QUALITY_REQUIRED,CORE_QUALITY_REQUIRED,,,,NOT_FOUND,,,,,,,MISSING,EVIDENCE_REGISTRY_MISSING;EVIDENCE_APPLIED_VALUE_MISSING
US98138J5039,US98138J5039,"Workhorse Group Inc. Registered Shares New DL-,001",STANDARD,ev_ebit_current,UNKNOWN,UNKNOWN,,,,NOT_FOUND,,,,,,,MISSING,EVIDENCE_REGISTRY_MISSING;EVIDENCE_APPLIED_VALUE_MISSING
US98138J5039,US98138J5039,"Workhorse Group Inc. Registered Shares New DL-,001",STANDARD,ev_ebit_hist,UNKNOWN,UNKNOWN,,,,NOT_FOUND,,,,,,,MISSING,EVIDENCE_REGISTRY_MISSING;EVIDENCE_APPLIED_VALUE_MISSING
US98138J5039,US98138J5039,"Workhorse Group Inc. Registered Shares New DL-,001",STANDARD,expected_return_pct,UNKNOWN,UNKNOWN,,,,NOT_FOUND,,,,,,,MISSING,EVIDENCE_REGISTRY_MISSING;EVIDENCE_APPLIED_VALUE_MISSING
US98138J5039,US98138J5039,"Workhorse Group Inc. Registered Shares New DL-,001",STANDARD,fcf_margin,DIVIDEND_FCF_REQUIRED,DIVIDEND_FCF_REQUIRED,,,,NOT_FOUND,,,,,,,MISSING,EVIDENCE_REGISTRY_MISSING;EVIDENCE_APPLIED_VALUE_MISSING
US98138J5039,US98138J5039,"Workhorse Group Inc. Registered Shares New DL-,001",STANDARD,fcf_per_share_cagr_5y,DIVIDEND_FCF_REQUIRED,DIVIDEND_FCF_REQUIRED,,,,NOT_FOUND,,,,,,,MISSING,EVIDENCE_REGISTRY_MISSING;EVIDENCE_APPLIED_VALUE_MISSING
US98138J5039,US98138J5039,"Workhorse Group Inc. Registered Shares New DL-,001",STANDARD,fcf_yield_current_pct,UNKNOWN,UNKNOWN,,,,NOT_FOUND,,,,,,,MISSING,EVIDENCE_REGISTRY_MISSING;EVIDENCE_APPLIED_VALUE_MISSING
US98138J5039,US98138J5039,"Workhorse Group Inc. Registered Shares New DL-,001",STANDARD,fcf_yield_hist_pct,UNKNOWN,UNKNOWN,,,,NOT_FOUND,,,,,,,MISSING,EVIDENCE_REGISTRY_MISSING;EVIDENCE_APPLIED_VALUE_MISSING
US98138J5039,US98138J5039,"Workhorse Group Inc. Registered Shares New DL-,001",STANDARD,gross_margin,CORE_QUALITY_REQUIRED,CORE_QUALITY_REQUIRED,-45.0474,-45.0474,,EVIDENCE_REGISTRY,sec_companyfacts,SNAPSHOT_IMPORT,SEC CompanyFacts CIK0001425287 FY2025; accession(s)=0001628280-26-022417,2026-04-20,UNVERIFIED,APPLIED,TRUSTED,SOURCE_MATCHED
US98138J5039,US98138J5039,"Workhorse Group Inc. Registered Shares New DL-,001",STANDARD,interest_coverage,ADVANCED_OPTIONAL,ADVANCED_OPTIONAL,,,,NOT_FOUND,,,,,,,MISSING,EVIDENCE_REGISTRY_MISSING;EVIDENCE_APPLIED_VALUE_MISSING
US98138J5039,US98138J5039,"Workhorse Group Inc. Registered Shares New DL-,001",STANDARD,net_debt_to_ebitda,ADVANCED_OPTIONAL,ADVANCED_OPTIONAL,,,,NOT_FOUND,,,,,,,MISSING,EVIDENCE_REGISTRY_MISSING;EVIDENCE_APPLIED_VALUE_MISSING
US98138J5039,US98138J5039,"Workhorse Group Inc. Registered Shares New DL-,001",STANDARD,normalized_fcf_yield_pct,VALUATION_REQUIRED,VALUATION_REQUIRED,,,,NOT_FOUND,,,,,,,MISSING,EVIDENCE_REGISTRY_MISSING;EVIDENCE_APPLIED_VALUE_MISSING
US98138J5039,US98138J5039,"Workhorse Group Inc. Registered Shares New DL-,001",STANDARD,operating_margin,CORE_QUALITY_REQUIRED,CORE_QUALITY_REQUIRED,-223.658,-223.658,,EVIDENCE_REGISTRY,sec_companyfacts,SNAPSHOT_IMPORT,SEC CompanyFacts CIK0001425287 FY2025; accession(s)=0001628280-26-022417,2026-04-20,UNVERIFIED,APPLIED,TRUSTED,SOURCE_MATCHED
US98138J5039,US98138J5039,"Workhorse Group Inc. Registered Shares New DL-,001",STANDARD,payout_ratio_eps,UNKNOWN,UNKNOWN,,,,NOT_FOUND,,,,,,,MISSING,EVIDENCE_REGISTRY_MISSING;EVIDENCE_APPLIED_VALUE_MISSING
US98138J5039,US98138J5039,"Workhorse Group Inc. Registered Shares New DL-,001",STANDARD,payout_ratio_fcf,DIVIDEND_FCF_REQUIRED,DIVIDEND_FCF_REQUIRED,,,,NOT_FOUND,,,,,,,MISSING,EVIDENCE_REGISTRY_MISSING;EVIDENCE_APPLIED_VALUE_MISSING
US98138J5039,US98138J5039,"Workhorse Group Inc. Registered Shares New DL-,001",STANDARD,pe_current,UNKNOWN,UNKNOWN,,,,NOT_FOUND,,,,,,,MISSING,EVIDENCE_REGISTRY_MISSING;EVIDENCE_APPLIED_VALUE_MISSING
US98138J5039,US98138J5039,"Workhorse Group Inc. Registered Shares New DL-,001",STANDARD,pe_hist,UNKNOWN,UNKNOWN,,,,NOT_FOUND,,,,,,,MISSING,EVIDENCE_REGISTRY_MISSING;EVIDENCE_APPLIED_VALUE_MISSING
US98138J5039,US98138J5039,"Workhorse Group Inc. Registered Shares New DL-,001",STANDARD,revenue_cagr_5y,CORE_QUALITY_REQUIRED,CORE_QUALITY_REQUIRED,72.4059,72.4059,,EVIDENCE_REGISTRY,sec_companyfacts,SNAPSHOT_IMPORT,SEC CompanyFacts CIK0001425287 FY2025; accession(s)=0001628280-26-022417,2026-04-20,UNVERIFIED,APPLIED,TRUSTED,SOURCE_MATCHED
US98138J5039,US98138J5039,"Workhorse Group Inc. Registered Shares New DL-,001",STANDARD,roce,ADVANCED_OPTIONAL,ADVANCED_OPTIONAL,,,,NOT_FOUND,,,,,,,MISSING,EVIDENCE_REGISTRY_MISSING;EVIDENCE_APPLIED_VALUE_MISSING
US98138J5039,US98138J5039,"Workhorse Group Inc. Registered Shares New DL-,001",STANDARD,roic,ADVANCED_OPTIONAL,ADVANCED_OPTIONAL,,,,NOT_FOUND,,,,,,,MISSING,EVIDENCE_REGISTRY_MISSING;EVIDENCE_APPLIED_VALUE_MISSING
US98138J5039,US98138J5039,"Workhorse Group Inc. Registered Shares New DL-,001",STANDARD,share_count_cagr_5y,CORE_QUALITY_REQUIRED,CORE_QUALITY_REQUIRED,-37.5749,-37.5749,,EVIDENCE_REGISTRY,sec_companyfacts,SNAPSHOT_IMPORT,SEC CompanyFacts CIK0001425287 FY2025; accession(s)=0001628280-26-022417,2026-04-20,UNVERIFIED,APPLIED,TRUSTED,SOURCE_MATCHED
US98138J5039,US98138J5039,"Workhorse Group Inc. Registered Shares New DL-,001",STANDARD,target_fcf_yield_pct,VALUATION_REQUIRED,VALUATION_REQUIRED,,,,NOT_FOUND,,,,,,,MISSING,EVIDENCE_REGISTRY_MISSING;EVIDENCE_APPLIED_VALUE_MISSING
