review_domain,ticker,isin,company_name,company_type_profile,required_kpis,approved_kpi_count,candidate_kpi_count,private_value_present,source_metadata_complete,apply_candidate_status,apply_candidate_scope,would_update_fields,reason_codes
VALUATION,US02079K3059,US02079K3059,"Alphabet Inc. Reg. Shs Cap.Stk Cl. A DL-,001",STANDARD,normalized_fcf_yield_pct;target_fcf_yield_pct,0,0,no,no,NOT_AVAILABLE,NONE,,INPUT_FILE_MISSING;NO_APPROVED_INPUTS;NO_IMPUTATION;NO_MASTER_MUTATION;NO_SCORE_MUTATION;PUBLIC_OUTPUT_SANITIZED;VALUATION_REQUIRED_MISSING
VALUATION,US0378331005,US0378331005,Apple Inc. Registered Shares o.N.,STANDARD,normalized_fcf_yield_pct;target_fcf_yield_pct,0,0,no,no,NOT_AVAILABLE,NONE,,INPUT_FILE_MISSING;NO_APPROVED_INPUTS;NO_IMPUTATION;NO_MASTER_MUTATION;NO_SCORE_MUTATION;PUBLIC_OUTPUT_SANITIZED;VALUATION_REQUIRED_MISSING
VALUATION,US0394831020,US0394831020,Archer Daniels Midland Co. Registered Shares o.N.,STANDARD,normalized_fcf_yield_pct;target_fcf_yield_pct,0,0,no,no,NOT_AVAILABLE,NONE,,INPUT_FILE_MISSING;NO_APPROVED_INPUTS;NO_IMPUTATION;NO_MASTER_MUTATION;NO_SCORE_MUTATION;PUBLIC_OUTPUT_SANITIZED;VALUATION_REQUIRED_MISSING
VALUATION,US22788C1053,US22788C1053,"Crowdstrike Holdings Inc Registered Shs Cl.A DL-,0005",STANDARD,normalized_fcf_yield_pct;target_fcf_yield_pct,0,0,no,no,NOT_AVAILABLE,NONE,,INPUT_FILE_MISSING;NO_APPROVED_INPUTS;NO_IMPUTATION;NO_MASTER_MUTATION;NO_SCORE_MUTATION;PUBLIC_OUTPUT_SANITIZED;VALUATION_REQUIRED_MISSING
VALUATION,US2546871060,US2546871060,"Walt Disney Co., The Registered Shares DL -,01",STANDARD,normalized_fcf_yield_pct;target_fcf_yield_pct,0,0,no,no,NOT_AVAILABLE,NONE,,INPUT_FILE_MISSING;NO_APPROVED_INPUTS;NO_IMPUTATION;NO_MASTER_MUTATION;NO_SCORE_MUTATION;PUBLIC_OUTPUT_SANITIZED;VALUATION_REQUIRED_MISSING
VALUATION,US5949181045,US5949181045,"Microsoft Corp. Registered Shares DL-,00000625",STANDARD,normalized_fcf_yield_pct;target_fcf_yield_pct,0,0,no,no,NOT_AVAILABLE,NONE,,INPUT_FILE_MISSING;NO_APPROVED_INPUTS;NO_IMPUTATION;NO_MASTER_MUTATION;NO_SCORE_MUTATION;PUBLIC_OUTPUT_SANITIZED;VALUATION_REQUIRED_MISSING
VALUATION,US69608A1088,US69608A1088,Palantir Technologies Inc. Registered Shares o.N.,STANDARD,normalized_fcf_yield_pct;target_fcf_yield_pct,0,0,no,no,NOT_AVAILABLE,NONE,,INPUT_FILE_MISSING;NO_APPROVED_INPUTS;NO_IMPUTATION;NO_MASTER_MUTATION;NO_SCORE_MUTATION;PUBLIC_OUTPUT_SANITIZED;VALUATION_REQUIRED_MISSING
VALUATION,US8522341036,US8522341036,Block Inc. Registered Shs Class A,STANDARD,normalized_fcf_yield_pct;target_fcf_yield_pct,0,0,no,no,NOT_AVAILABLE,NONE,,INPUT_FILE_MISSING;NO_APPROVED_INPUTS;NO_IMPUTATION;NO_MASTER_MUTATION;NO_SCORE_MUTATION;PUBLIC_OUTPUT_SANITIZED;VALUATION_REQUIRED_MISSING
VALUATION,US92826C8394,US92826C8394,"VISA Inc. Reg. Shares Class A DL -,0001",STANDARD,normalized_fcf_yield_pct;target_fcf_yield_pct,0,0,no,no,NOT_AVAILABLE,NONE,,INPUT_FILE_MISSING;NO_APPROVED_INPUTS;NO_IMPUTATION;NO_MASTER_MUTATION;NO_SCORE_MUTATION;PUBLIC_OUTPUT_SANITIZED;VALUATION_REQUIRED_MISSING
VALUATION,US98138J5039,US98138J5039,"Workhorse Group Inc. Registered Shares New DL-,001",STANDARD,normalized_fcf_yield_pct;target_fcf_yield_pct,0,0,no,no,NOT_AVAILABLE,NONE,,INPUT_FILE_MISSING;NO_APPROVED_INPUTS;NO_IMPUTATION;NO_MASTER_MUTATION;NO_SCORE_MUTATION;PUBLIC_OUTPUT_SANITIZED;VALUATION_REQUIRED_MISSING
DIVIDEND_FCF,US02079K3059,US02079K3059,"Alphabet Inc. Reg. Shs Cap.Stk Cl. A DL-,001",STANDARD,fcf_margin;fcf_per_share_cagr_5y;payout_ratio_fcf,0,0,no,no,NOT_AVAILABLE,NONE,,DIVIDEND_FCF_REQUIRED_MISSING;INPUT_FILE_MISSING;NO_APPROVED_INPUTS;NO_IMPUTATION;NO_MASTER_MUTATION;NO_SCORE_MUTATION;PUBLIC_OUTPUT_SANITIZED
DIVIDEND_FCF,US0378331005,US0378331005,Apple Inc. Registered Shares o.N.,STANDARD,fcf_margin;fcf_per_share_cagr_5y;payout_ratio_fcf,0,0,no,no,NOT_AVAILABLE,NONE,,DIVIDEND_FCF_REQUIRED_MISSING;INPUT_FILE_MISSING;NO_APPROVED_INPUTS;NO_IMPUTATION;NO_MASTER_MUTATION;NO_SCORE_MUTATION;PUBLIC_OUTPUT_SANITIZED
DIVIDEND_FCF,US0394831020,US0394831020,Archer Daniels Midland Co. Registered Shares o.N.,STANDARD,fcf_margin;fcf_per_share_cagr_5y;payout_ratio_fcf,0,0,no,no,NOT_AVAILABLE,NONE,,DIVIDEND_FCF_REQUIRED_MISSING;INPUT_FILE_MISSING;NO_APPROVED_INPUTS;NO_IMPUTATION;NO_MASTER_MUTATION;NO_SCORE_MUTATION;PUBLIC_OUTPUT_SANITIZED
DIVIDEND_FCF,US22788C1053,US22788C1053,"Crowdstrike Holdings Inc Registered Shs Cl.A DL-,0005",STANDARD,fcf_margin;fcf_per_share_cagr_5y;payout_ratio_fcf,0,0,no,no,NOT_AVAILABLE,NONE,,DIVIDEND_FCF_REQUIRED_MISSING;INPUT_FILE_MISSING;NO_APPROVED_INPUTS;NO_IMPUTATION;NO_MASTER_MUTATION;NO_SCORE_MUTATION;PUBLIC_OUTPUT_SANITIZED
DIVIDEND_FCF,US2546871060,US2546871060,"Walt Disney Co., The Registered Shares DL -,01",STANDARD,fcf_margin;fcf_per_share_cagr_5y;payout_ratio_fcf,0,0,no,no,NOT_AVAILABLE,NONE,,DIVIDEND_FCF_REQUIRED_MISSING;INPUT_FILE_MISSING;NO_APPROVED_INPUTS;NO_IMPUTATION;NO_MASTER_MUTATION;NO_SCORE_MUTATION;PUBLIC_OUTPUT_SANITIZED
DIVIDEND_FCF,US5949181045,US5949181045,"Microsoft Corp. Registered Shares DL-,00000625",STANDARD,fcf_margin;fcf_per_share_cagr_5y;payout_ratio_fcf,0,0,no,no,NOT_AVAILABLE,NONE,,DIVIDEND_FCF_REQUIRED_MISSING;INPUT_FILE_MISSING;NO_APPROVED_INPUTS;NO_IMPUTATION;NO_MASTER_MUTATION;NO_SCORE_MUTATION;PUBLIC_OUTPUT_SANITIZED
DIVIDEND_FCF,US69608A1088,US69608A1088,Palantir Technologies Inc. Registered Shares o.N.,STANDARD,fcf_margin;fcf_per_share_cagr_5y;payout_ratio_fcf,0,0,no,no,NOT_AVAILABLE,NONE,,DIVIDEND_FCF_REQUIRED_MISSING;INPUT_FILE_MISSING;NO_APPROVED_INPUTS;NO_IMPUTATION;NO_MASTER_MUTATION;NO_SCORE_MUTATION;PUBLIC_OUTPUT_SANITIZED
DIVIDEND_FCF,US8522341036,US8522341036,Block Inc. Registered Shs Class A,STANDARD,fcf_margin;fcf_per_share_cagr_5y;payout_ratio_fcf,0,0,no,no,NOT_AVAILABLE,NONE,,DIVIDEND_FCF_REQUIRED_MISSING;INPUT_FILE_MISSING;NO_APPROVED_INPUTS;NO_IMPUTATION;NO_MASTER_MUTATION;NO_SCORE_MUTATION;PUBLIC_OUTPUT_SANITIZED
DIVIDEND_FCF,US92826C8394,US92826C8394,"VISA Inc. Reg. Shares Class A DL -,0001",STANDARD,fcf_margin;fcf_per_share_cagr_5y;payout_ratio_fcf,0,0,no,no,NOT_AVAILABLE,NONE,,DIVIDEND_FCF_REQUIRED_MISSING;INPUT_FILE_MISSING;NO_APPROVED_INPUTS;NO_IMPUTATION;NO_MASTER_MUTATION;NO_SCORE_MUTATION;PUBLIC_OUTPUT_SANITIZED
DIVIDEND_FCF,US98138J5039,US98138J5039,"Workhorse Group Inc. Registered Shares New DL-,001",STANDARD,fcf_margin;fcf_per_share_cagr_5y;payout_ratio_fcf,0,0,no,no,NOT_AVAILABLE,NONE,,DIVIDEND_FCF_REQUIRED_MISSING;INPUT_FILE_MISSING;NO_APPROVED_INPUTS;NO_IMPUTATION;NO_MASTER_MUTATION;NO_SCORE_MUTATION;PUBLIC_OUTPUT_SANITIZED
