zip_path,zip_sha256,zip_entry,entry_type,expected,allowed,private_preview_safe,forbidden_entry,reason_codes
compound_income_os_HANDOFF_20260427-163623_1bb6a1a.zip,5EF22AE229D87372F694505249385BD4DB097A7E04935FEC8A421A32C2EC82EE,AGENTS.md,OTHER,yes,yes,yes,no,EXPECTED_ENTRY|ALLOWED_ENTRY
compound_income_os_HANDOFF_20260427-163623_1bb6a1a.zip,5EF22AE229D87372F694505249385BD4DB097A7E04935FEC8A421A32C2EC82EE,README.md,OTHER,yes,yes,yes,no,EXPECTED_ENTRY|ALLOWED_ENTRY
compound_income_os_HANDOFF_20260427-163623_1bb6a1a.zip,5EF22AE229D87372F694505249385BD4DB097A7E04935FEC8A421A32C2EC82EE,ZIP_REPO_BRANCH.txt,METADATA,yes,yes,yes,no,EXPECTED_ENTRY|ALLOWED_ENTRY
compound_income_os_HANDOFF_20260427-163623_1bb6a1a.zip,5EF22AE229D87372F694505249385BD4DB097A7E04935FEC8A421A32C2EC82EE,ZIP_REPO_EXPORT_NOTES.txt,METADATA,yes,yes,yes,no,EXPECTED_ENTRY|ALLOWED_ENTRY
compound_income_os_HANDOFF_20260427-163623_1bb6a1a.zip,5EF22AE229D87372F694505249385BD4DB097A7E04935FEC8A421A32C2EC82EE,ZIP_REPO_HEAD.txt,METADATA,yes,yes,yes,no,EXPECTED_ENTRY|ALLOWED_ENTRY
compound_income_os_HANDOFF_20260427-163623_1bb6a1a.zip,5EF22AE229D87372F694505249385BD4DB097A7E04935FEC8A421A32C2EC82EE,ZIP_REPO_STATUS.txt,METADATA,yes,yes,yes,no,EXPECTED_ENTRY|ALLOWED_ENTRY
compound_income_os_HANDOFF_20260427-163623_1bb6a1a.zip,5EF22AE229D87372F694505249385BD4DB097A7E04935FEC8A421A32C2EC82EE,configs/benchmark.yaml,CONFIG,yes,yes,yes,no,EXPECTED_ENTRY|ALLOWED_ENTRY
compound_income_os_HANDOFF_20260427-163623_1bb6a1a.zip,5EF22AE229D87372F694505249385BD4DB097A7E04935FEC8A421A32C2EC82EE,configs/cost_tax_ledger.yaml,CONFIG,yes,yes,yes,no,EXPECTED_ENTRY|ALLOWED_ENTRY
compound_income_os_HANDOFF_20260427-163623_1bb6a1a.zip,5EF22AE229D87372F694505249385BD4DB097A7E04935FEC8A421A32C2EC82EE,configs/dashboard_kpis.yaml,CONFIG,yes,yes,yes,no,EXPECTED_ENTRY|ALLOWED_ENTRY
compound_income_os_HANDOFF_20260427-163623_1bb6a1a.zip,5EF22AE229D87372F694505249385BD4DB097A7E04935FEC8A421A32C2EC82EE,configs/data_sources.yaml,CONFIG,yes,yes,yes,no,EXPECTED_ENTRY|ALLOWED_ENTRY
compound_income_os_HANDOFF_20260427-163623_1bb6a1a.zip,5EF22AE229D87372F694505249385BD4DB097A7E04935FEC8A421A32C2EC82EE,configs/fundamentals_metric_definitions.yaml,CONFIG,yes,yes,yes,no,EXPECTED_ENTRY|ALLOWED_ENTRY
compound_income_os_HANDOFF_20260427-163623_1bb6a1a.zip,5EF22AE229D87372F694505249385BD4DB097A7E04935FEC8A421A32C2EC82EE,configs/fundamentals_schema.yaml,CONFIG,yes,yes,yes,no,EXPECTED_ENTRY|ALLOWED_ENTRY
compound_income_os_HANDOFF_20260427-163623_1bb6a1a.zip,5EF22AE229D87372F694505249385BD4DB097A7E04935FEC8A421A32C2EC82EE,configs/fundamentals_score_rules.yaml,CONFIG,yes,yes,yes,no,EXPECTED_ENTRY|ALLOWED_ENTRY
compound_income_os_HANDOFF_20260427-163623_1bb6a1a.zip,5EF22AE229D87372F694505249385BD4DB097A7E04935FEC8A421A32C2EC82EE,configs/personal_run_data_sources.yaml,CONFIG,yes,yes,yes,no,EXPECTED_ENTRY|ALLOWED_ENTRY
compound_income_os_HANDOFF_20260427-163623_1bb6a1a.zip,5EF22AE229D87372F694505249385BD4DB097A7E04935FEC8A421A32C2EC82EE,configs/portfolio_rules.yaml,CONFIG,yes,yes,yes,no,EXPECTED_ENTRY|ALLOWED_ENTRY
compound_income_os_HANDOFF_20260427-163623_1bb6a1a.zip,5EF22AE229D87372F694505249385BD4DB097A7E04935FEC8A421A32C2EC82EE,configs/scoring_weights.yaml,CONFIG,yes,yes,yes,no,EXPECTED_ENTRY|ALLOWED_ENTRY
compound_income_os_HANDOFF_20260427-163623_1bb6a1a.zip,5EF22AE229D87372F694505249385BD4DB097A7E04935FEC8A421A32C2EC82EE,configs/watchlist.yaml,CONFIG,yes,yes,yes,no,EXPECTED_ENTRY|ALLOWED_ENTRY
compound_income_os_HANDOFF_20260427-163623_1bb6a1a.zip,5EF22AE229D87372F694505249385BD4DB097A7E04935FEC8A421A32C2EC82EE,data/processed/dashboard_readiness_blockers.csv,OTHER,yes,yes,yes,no,EXPECTED_ENTRY|ALLOWED_ENTRY
compound_income_os_HANDOFF_20260427-163623_1bb6a1a.zip,5EF22AE229D87372F694505249385BD4DB097A7E04935FEC8A421A32C2EC82EE,data/processed/dashboard_readiness_next_actions.csv,OTHER,yes,yes,yes,no,EXPECTED_ENTRY|ALLOWED_ENTRY
compound_income_os_HANDOFF_20260427-163623_1bb6a1a.zip,5EF22AE229D87372F694505249385BD4DB097A7E04935FEC8A421A32C2EC82EE,data/processed/dashboard_readiness_panel.csv,OTHER,yes,yes,yes,no,EXPECTED_ENTRY|ALLOWED_ENTRY
compound_income_os_HANDOFF_20260427-163623_1bb6a1a.zip,5EF22AE229D87372F694505249385BD4DB097A7E04935FEC8A421A32C2EC82EE,data/processed/dashboard_readiness_payload.json,CONFIG,yes,yes,yes,no,EXPECTED_ENTRY|ALLOWED_ENTRY
compound_income_os_HANDOFF_20260427-163623_1bb6a1a.zip,5EF22AE229D87372F694505249385BD4DB097A7E04935FEC8A421A32C2EC82EE,data/processed/personal_artifact_freshness_checks.csv,OTHER,yes,yes,yes,no,EXPECTED_ENTRY|ALLOWED_ENTRY
compound_income_os_HANDOFF_20260427-163623_1bb6a1a.zip,5EF22AE229D87372F694505249385BD4DB097A7E04935FEC8A421A32C2EC82EE,data/processed/personal_artifact_freshness_summary.csv,OTHER,yes,yes,yes,no,EXPECTED_ENTRY|ALLOWED_ENTRY
compound_income_os_HANDOFF_20260427-163623_1bb6a1a.zip,5EF22AE229D87372F694505249385BD4DB097A7E04935FEC8A421A32C2EC82EE,data/processed/personal_artifact_reconciliation_checks.csv,OTHER,yes,yes,yes,no,EXPECTED_ENTRY|ALLOWED_ENTRY
compound_income_os_HANDOFF_20260427-163623_1bb6a1a.zip,5EF22AE229D87372F694505249385BD4DB097A7E04935FEC8A421A32C2EC82EE,data/processed/personal_artifact_reconciliation_summary.csv,OTHER,yes,yes,yes,no,EXPECTED_ENTRY|ALLOWED_ENTRY
compound_income_os_HANDOFF_20260427-163623_1bb6a1a.zip,5EF22AE229D87372F694505249385BD4DB097A7E04935FEC8A421A32C2EC82EE,data/processed/personal_core_kpi_closure_queue.csv,OTHER,yes,yes,yes,no,EXPECTED_ENTRY|ALLOWED_ENTRY
compound_income_os_HANDOFF_20260427-163623_1bb6a1a.zip,5EF22AE229D87372F694505249385BD4DB097A7E04935FEC8A421A32C2EC82EE,data/processed/personal_core_kpi_closure_summary.csv,OTHER,yes,yes,yes,no,EXPECTED_ENTRY|ALLOWED_ENTRY
compound_income_os_HANDOFF_20260427-163623_1bb6a1a.zip,5EF22AE229D87372F694505249385BD4DB097A7E04935FEC8A421A32C2EC82EE,data/processed/personal_dividend_fcf_input_contract_summary.csv,OTHER,yes,yes,yes,no,EXPECTED_ENTRY|ALLOWED_ENTRY
compound_income_os_HANDOFF_20260427-163623_1bb6a1a.zip,5EF22AE229D87372F694505249385BD4DB097A7E04935FEC8A421A32C2EC82EE,data/processed/personal_dividend_fcf_input_review_queue.csv,OTHER,yes,yes,yes,no,EXPECTED_ENTRY|ALLOWED_ENTRY
compound_income_os_HANDOFF_20260427-163623_1bb6a1a.zip,5EF22AE229D87372F694505249385BD4DB097A7E04935FEC8A421A32C2EC82EE,data/processed/personal_evidence_applied_downstream_delta_holdings.csv,OTHER,yes,yes,yes,no,EXPECTED_ENTRY|ALLOWED_ENTRY
compound_income_os_HANDOFF_20260427-163623_1bb6a1a.zip,5EF22AE229D87372F694505249385BD4DB097A7E04935FEC8A421A32C2EC82EE,data/processed/personal_evidence_applied_downstream_delta_summary.csv,OTHER,yes,yes,yes,no,EXPECTED_ENTRY|ALLOWED_ENTRY
compound_income_os_HANDOFF_20260427-163623_1bb6a1a.zip,5EF22AE229D87372F694505249385BD4DB097A7E04935FEC8A421A32C2EC82EE,data/processed/personal_kpi_provenance_audit.csv,OTHER,yes,yes,yes,no,EXPECTED_ENTRY|ALLOWED_ENTRY
compound_income_os_HANDOFF_20260427-163623_1bb6a1a.zip,5EF22AE229D87372F694505249385BD4DB097A7E04935FEC8A421A32C2EC82EE,data/processed/personal_kpi_provenance_summary.csv,OTHER,yes,yes,yes,no,EXPECTED_ENTRY|ALLOWED_ENTRY
compound_income_os_HANDOFF_20260427-163623_1bb6a1a.zip,5EF22AE229D87372F694505249385BD4DB097A7E04935FEC8A421A32C2EC82EE,data/processed/personal_kpi_tier_coverage.csv,OTHER,yes,yes,yes,no,EXPECTED_ENTRY|ALLOWED_ENTRY
compound_income_os_HANDOFF_20260427-163623_1bb6a1a.zip,5EF22AE229D87372F694505249385BD4DB097A7E04935FEC8A421A32C2EC82EE,data/processed/personal_missing_kpi_closure_holdings.csv,OTHER,yes,yes,yes,no,EXPECTED_ENTRY|ALLOWED_ENTRY
compound_income_os_HANDOFF_20260427-163623_1bb6a1a.zip,5EF22AE229D87372F694505249385BD4DB097A7E04935FEC8A421A32C2EC82EE,data/processed/personal_missing_kpi_closure_summary.csv,OTHER,yes,yes,yes,no,EXPECTED_ENTRY|ALLOWED_ENTRY
compound_income_os_HANDOFF_20260427-163623_1bb6a1a.zip,5EF22AE229D87372F694505249385BD4DB097A7E04935FEC8A421A32C2EC82EE,data/processed/personal_monthly_action_compatibility.csv,OTHER,yes,yes,yes,no,EXPECTED_ENTRY|ALLOWED_ENTRY
compound_income_os_HANDOFF_20260427-163623_1bb6a1a.zip,5EF22AE229D87372F694505249385BD4DB097A7E04935FEC8A421A32C2EC82EE,data/processed/personal_monthly_action_compatibility_summary.csv,OTHER,yes,yes,yes,no,EXPECTED_ENTRY|ALLOWED_ENTRY
compound_income_os_HANDOFF_20260427-163623_1bb6a1a.zip,5EF22AE229D87372F694505249385BD4DB097A7E04935FEC8A421A32C2EC82EE,data/processed/personal_private_input_apply_candidates_sanitized.csv,OTHER,yes,yes,yes,no,EXPECTED_ENTRY|ALLOWED_ENTRY
compound_income_os_HANDOFF_20260427-163623_1bb6a1a.zip,5EF22AE229D87372F694505249385BD4DB097A7E04935FEC8A421A32C2EC82EE,data/processed/personal_private_input_apply_candidates_summary.csv,OTHER,yes,yes,yes,no,EXPECTED_ENTRY|ALLOWED_ENTRY
compound_income_os_HANDOFF_20260427-163623_1bb6a1a.zip,5EF22AE229D87372F694505249385BD4DB097A7E04935FEC8A421A32C2EC82EE,data/processed/personal_private_input_review_summary.csv,OTHER,yes,yes,yes,no,EXPECTED_ENTRY|ALLOWED_ENTRY
compound_income_os_HANDOFF_20260427-163623_1bb6a1a.zip,5EF22AE229D87372F694505249385BD4DB097A7E04935FEC8A421A32C2EC82EE,data/processed/personal_private_input_review_validation.csv,OTHER,yes,yes,yes,no,EXPECTED_ENTRY|ALLOWED_ENTRY
compound_income_os_HANDOFF_20260427-163623_1bb6a1a.zip,5EF22AE229D87372F694505249385BD4DB097A7E04935FEC8A421A32C2EC82EE,data/processed/personal_profile_review_unlock_holdings.csv,OTHER,yes,yes,yes,no,EXPECTED_ENTRY|ALLOWED_ENTRY
compound_income_os_HANDOFF_20260427-163623_1bb6a1a.zip,5EF22AE229D87372F694505249385BD4DB097A7E04935FEC8A421A32C2EC82EE,data/processed/personal_profile_review_unlock_summary.csv,OTHER,yes,yes,yes,no,EXPECTED_ENTRY|ALLOWED_ENTRY
compound_income_os_HANDOFF_20260427-163623_1bb6a1a.zip,5EF22AE229D87372F694505249385BD4DB097A7E04935FEC8A421A32C2EC82EE,data/processed/personal_readiness_blockers.csv,OTHER,yes,yes,yes,no,EXPECTED_ENTRY|ALLOWED_ENTRY
compound_income_os_HANDOFF_20260427-163623_1bb6a1a.zip,5EF22AE229D87372F694505249385BD4DB097A7E04935FEC8A421A32C2EC82EE,data/processed/personal_readiness_next_actions.csv,OTHER,yes,yes,yes,no,EXPECTED_ENTRY|ALLOWED_ENTRY
compound_income_os_HANDOFF_20260427-163623_1bb6a1a.zip,5EF22AE229D87372F694505249385BD4DB097A7E04935FEC8A421A32C2EC82EE,data/processed/personal_readiness_status_summary.csv,OTHER,yes,yes,yes,no,EXPECTED_ENTRY|ALLOWED_ENTRY
compound_income_os_HANDOFF_20260427-163623_1bb6a1a.zip,5EF22AE229D87372F694505249385BD4DB097A7E04935FEC8A421A32C2EC82EE,data/processed/personal_score_audit_provenance.csv,OTHER,yes,yes,yes,no,EXPECTED_ENTRY|ALLOWED_ENTRY
compound_income_os_HANDOFF_20260427-163623_1bb6a1a.zip,5EF22AE229D87372F694505249385BD4DB097A7E04935FEC8A421A32C2EC82EE,data/processed/personal_score_audit_provenance_summary.csv,OTHER,yes,yes,yes,no,EXPECTED_ENTRY|ALLOWED_ENTRY
compound_income_os_HANDOFF_20260427-163623_1bb6a1a.zip,5EF22AE229D87372F694505249385BD4DB097A7E04935FEC8A421A32C2EC82EE,data/processed/personal_sec_core_kpi_refresh_plan.csv,OTHER,yes,yes,yes,no,EXPECTED_ENTRY|ALLOWED_ENTRY
compound_income_os_HANDOFF_20260427-163623_1bb6a1a.zip,5EF22AE229D87372F694505249385BD4DB097A7E04935FEC8A421A32C2EC82EE,data/processed/personal_sec_core_kpi_refresh_plan_summary.csv,OTHER,yes,yes,yes,no,EXPECTED_ENTRY|ALLOWED_ENTRY
compound_income_os_HANDOFF_20260427-163623_1bb6a1a.zip,5EF22AE229D87372F694505249385BD4DB097A7E04935FEC8A421A32C2EC82EE,data/processed/personal_sec_refresh_preflight.csv,OTHER,yes,yes,yes,no,EXPECTED_ENTRY|ALLOWED_ENTRY
compound_income_os_HANDOFF_20260427-163623_1bb6a1a.zip,5EF22AE229D87372F694505249385BD4DB097A7E04935FEC8A421A32C2EC82EE,data/processed/personal_sec_refresh_preflight_summary.csv,OTHER,yes,yes,yes,no,EXPECTED_ENTRY|ALLOWED_ENTRY
compound_income_os_HANDOFF_20260427-163623_1bb6a1a.zip,5EF22AE229D87372F694505249385BD4DB097A7E04935FEC8A421A32C2EC82EE,data/processed/personal_valuation_input_contract_summary.csv,OTHER,yes,yes,yes,no,EXPECTED_ENTRY|ALLOWED_ENTRY
compound_income_os_HANDOFF_20260427-163623_1bb6a1a.zip,5EF22AE229D87372F694505249385BD4DB097A7E04935FEC8A421A32C2EC82EE,data/processed/personal_valuation_input_review_queue.csv,OTHER,yes,yes,yes,no,EXPECTED_ENTRY|ALLOWED_ENTRY
compound_income_os_HANDOFF_20260427-163623_1bb6a1a.zip,5EF22AE229D87372F694505249385BD4DB097A7E04935FEC8A421A32C2EC82EE,data/processed/personal_watchlist_input_gate.csv,OTHER,yes,yes,yes,no,EXPECTED_ENTRY|ALLOWED_ENTRY
compound_income_os_HANDOFF_20260427-163623_1bb6a1a.zip,5EF22AE229D87372F694505249385BD4DB097A7E04935FEC8A421A32C2EC82EE,data/processed/personal_watchlist_input_gate_summary.csv,OTHER,yes,yes,yes,no,EXPECTED_ENTRY|ALLOWED_ENTRY
compound_income_os_HANDOFF_20260427-163623_1bb6a1a.zip,5EF22AE229D87372F694505249385BD4DB097A7E04935FEC8A421A32C2EC82EE,data/processed/website_private_preview_copy_freeze_matrix.csv,QA_ARTIFACT,yes,yes,yes,no,EXPECTED_ENTRY|ALLOWED_ENTRY
compound_income_os_HANDOFF_20260427-163623_1bb6a1a.zip,5EF22AE229D87372F694505249385BD4DB097A7E04935FEC8A421A32C2EC82EE,data/processed/website_private_preview_copy_freeze_summary.csv,QA_ARTIFACT,yes,yes,yes,no,EXPECTED_ENTRY|ALLOWED_ENTRY
compound_income_os_HANDOFF_20260427-163623_1bb6a1a.zip,5EF22AE229D87372F694505249385BD4DB097A7E04935FEC8A421A32C2EC82EE,data/processed/website_private_preview_copy_guardrails.csv,QA_ARTIFACT,yes,yes,yes,no,EXPECTED_ENTRY|ALLOWED_ENTRY
compound_income_os_HANDOFF_20260427-163623_1bb6a1a.zip,5EF22AE229D87372F694505249385BD4DB097A7E04935FEC8A421A32C2EC82EE,data/processed/website_private_preview_cta_matrix.csv,QA_ARTIFACT,yes,yes,yes,no,EXPECTED_ENTRY|ALLOWED_ENTRY
compound_income_os_HANDOFF_20260427-163623_1bb6a1a.zip,5EF22AE229D87372F694505249385BD4DB097A7E04935FEC8A421A32C2EC82EE,data/processed/website_private_preview_handoff_index.csv,QA_ARTIFACT,yes,yes,yes,no,EXPECTED_ENTRY|ALLOWED_ENTRY
compound_income_os_HANDOFF_20260427-163623_1bb6a1a.zip,5EF22AE229D87372F694505249385BD4DB097A7E04935FEC8A421A32C2EC82EE,data/processed/website_private_preview_qa_summary.csv,QA_ARTIFACT,yes,yes,yes,no,EXPECTED_ENTRY|ALLOWED_ENTRY
compound_income_os_HANDOFF_20260427-163623_1bb6a1a.zip,5EF22AE229D87372F694505249385BD4DB097A7E04935FEC8A421A32C2EC82EE,data/processed/website_private_preview_release_summary.csv,QA_ARTIFACT,yes,yes,yes,no,EXPECTED_ENTRY|ALLOWED_ENTRY
compound_income_os_HANDOFF_20260427-163623_1bb6a1a.zip,5EF22AE229D87372F694505249385BD4DB097A7E04935FEC8A421A32C2EC82EE,data/processed/website_private_preview_route_matrix.csv,QA_ARTIFACT,yes,yes,yes,no,EXPECTED_ENTRY|ALLOWED_ENTRY
compound_income_os_HANDOFF_20260427-163623_1bb6a1a.zip,5EF22AE229D87372F694505249385BD4DB097A7E04935FEC8A421A32C2EC82EE,data/processed/website_static_build_package_qa.csv,QA_ARTIFACT,yes,yes,yes,no,EXPECTED_ENTRY|ALLOWED_ENTRY
compound_income_os_HANDOFF_20260427-163623_1bb6a1a.zip,5EF22AE229D87372F694505249385BD4DB097A7E04935FEC8A421A32C2EC82EE,data/processed/website_static_build_package_summary.csv,QA_ARTIFACT,yes,yes,yes,no,EXPECTED_ENTRY|ALLOWED_ENTRY
compound_income_os_HANDOFF_20260427-163623_1bb6a1a.zip,5EF22AE229D87372F694505249385BD4DB097A7E04935FEC8A421A32C2EC82EE,docs/CODEX_TASKS/POST_ITERATION_QA.md,OTHER,yes,yes,yes,no,EXPECTED_ENTRY|ALLOWED_ENTRY
compound_income_os_HANDOFF_20260427-163623_1bb6a1a.zip,5EF22AE229D87372F694505249385BD4DB097A7E04935FEC8A421A32C2EC82EE,docs/CODEX_TASK_TEMPLATE.md,OTHER,yes,yes,yes,no,EXPECTED_ENTRY|ALLOWED_ENTRY
compound_income_os_HANDOFF_20260427-163623_1bb6a1a.zip,5EF22AE229D87372F694505249385BD4DB097A7E04935FEC8A421A32C2EC82EE,docs/CONTEXT_AND_ROADMAP.md,OTHER,yes,yes,yes,no,EXPECTED_ENTRY|ALLOWED_ENTRY
compound_income_os_HANDOFF_20260427-163623_1bb6a1a.zip,5EF22AE229D87372F694505249385BD4DB097A7E04935FEC8A421A32C2EC82EE,docs/MODULE_CONTRACTS.md,OTHER,yes,yes,yes,no,EXPECTED_ENTRY|ALLOWED_ENTRY
compound_income_os_HANDOFF_20260427-163623_1bb6a1a.zip,5EF22AE229D87372F694505249385BD4DB097A7E04935FEC8A421A32C2EC82EE,docs/PROJECT_CHARTER.md,OTHER,yes,yes,yes,no,EXPECTED_ENTRY|ALLOWED_ENTRY
compound_income_os_HANDOFF_20260427-163623_1bb6a1a.zip,5EF22AE229D87372F694505249385BD4DB097A7E04935FEC8A421A32C2EC82EE,reports/2026-04-26/personal_artifact_freshness_report.md,REPORT,yes,yes,yes,no,EXPECTED_ENTRY|ALLOWED_ENTRY
compound_income_os_HANDOFF_20260427-163623_1bb6a1a.zip,5EF22AE229D87372F694505249385BD4DB097A7E04935FEC8A421A32C2EC82EE,reports/2026-04-26/personal_artifact_reconciliation_report.md,REPORT,yes,yes,yes,no,EXPECTED_ENTRY|ALLOWED_ENTRY
compound_income_os_HANDOFF_20260427-163623_1bb6a1a.zip,5EF22AE229D87372F694505249385BD4DB097A7E04935FEC8A421A32C2EC82EE,reports/2026-04-26/personal_core_kpi_closure_report.md,REPORT,yes,yes,yes,no,EXPECTED_ENTRY|ALLOWED_ENTRY
compound_income_os_HANDOFF_20260427-163623_1bb6a1a.zip,5EF22AE229D87372F694505249385BD4DB097A7E04935FEC8A421A32C2EC82EE,reports/2026-04-26/personal_dividend_fcf_input_contract_report.md,REPORT,yes,yes,yes,no,EXPECTED_ENTRY|ALLOWED_ENTRY
compound_income_os_HANDOFF_20260427-163623_1bb6a1a.zip,5EF22AE229D87372F694505249385BD4DB097A7E04935FEC8A421A32C2EC82EE,reports/2026-04-26/personal_evidence_applied_downstream_delta_report.md,REPORT,yes,yes,yes,no,EXPECTED_ENTRY|ALLOWED_ENTRY
compound_income_os_HANDOFF_20260427-163623_1bb6a1a.zip,5EF22AE229D87372F694505249385BD4DB097A7E04935FEC8A421A32C2EC82EE,reports/2026-04-26/personal_kpi_provenance_audit_report.md,REPORT,yes,yes,yes,no,EXPECTED_ENTRY|ALLOWED_ENTRY
compound_income_os_HANDOFF_20260427-163623_1bb6a1a.zip,5EF22AE229D87372F694505249385BD4DB097A7E04935FEC8A421A32C2EC82EE,reports/2026-04-26/personal_kpi_tier_coverage_report.md,REPORT,yes,yes,yes,no,EXPECTED_ENTRY|ALLOWED_ENTRY
compound_income_os_HANDOFF_20260427-163623_1bb6a1a.zip,5EF22AE229D87372F694505249385BD4DB097A7E04935FEC8A421A32C2EC82EE,reports/2026-04-26/personal_missing_kpi_closure_report.md,REPORT,yes,yes,yes,no,EXPECTED_ENTRY|ALLOWED_ENTRY
compound_income_os_HANDOFF_20260427-163623_1bb6a1a.zip,5EF22AE229D87372F694505249385BD4DB097A7E04935FEC8A421A32C2EC82EE,reports/2026-04-26/personal_monthly_action_schema_report.md,REPORT,yes,yes,yes,no,EXPECTED_ENTRY|ALLOWED_ENTRY
compound_income_os_HANDOFF_20260427-163623_1bb6a1a.zip,5EF22AE229D87372F694505249385BD4DB097A7E04935FEC8A421A32C2EC82EE,reports/2026-04-26/personal_profile_review_unlock_report.md,REPORT,yes,yes,yes,no,EXPECTED_ENTRY|ALLOWED_ENTRY
compound_income_os_HANDOFF_20260427-163623_1bb6a1a.zip,5EF22AE229D87372F694505249385BD4DB097A7E04935FEC8A421A32C2EC82EE,reports/2026-04-26/personal_score_audit_provenance_report.md,REPORT,yes,yes,yes,no,EXPECTED_ENTRY|ALLOWED_ENTRY
compound_income_os_HANDOFF_20260427-163623_1bb6a1a.zip,5EF22AE229D87372F694505249385BD4DB097A7E04935FEC8A421A32C2EC82EE,reports/2026-04-26/personal_valuation_input_contract_report.md,REPORT,yes,yes,yes,no,EXPECTED_ENTRY|ALLOWED_ENTRY
compound_income_os_HANDOFF_20260427-163623_1bb6a1a.zip,5EF22AE229D87372F694505249385BD4DB097A7E04935FEC8A421A32C2EC82EE,reports/2026-04-26/personal_watchlist_input_gate_report.md,REPORT,yes,yes,yes,no,EXPECTED_ENTRY|ALLOWED_ENTRY
compound_income_os_HANDOFF_20260427-163623_1bb6a1a.zip,5EF22AE229D87372F694505249385BD4DB097A7E04935FEC8A421A32C2EC82EE,reports/2026-04-26/strategy_review_fundamentals_trust_scoring.md,REPORT,yes,yes,yes,no,EXPECTED_ENTRY|ALLOWED_ENTRY
compound_income_os_HANDOFF_20260427-163623_1bb6a1a.zip,5EF22AE229D87372F694505249385BD4DB097A7E04935FEC8A421A32C2EC82EE,reports/2026-04-27/dashboard_readiness_panel_report.md,REPORT,yes,yes,yes,no,EXPECTED_ENTRY|ALLOWED_ENTRY
compound_income_os_HANDOFF_20260427-163623_1bb6a1a.zip,5EF22AE229D87372F694505249385BD4DB097A7E04935FEC8A421A32C2EC82EE,reports/2026-04-27/dashboard_readiness_payload_report.md,REPORT,yes,yes,yes,no,EXPECTED_ENTRY|ALLOWED_ENTRY
compound_income_os_HANDOFF_20260427-163623_1bb6a1a.zip,5EF22AE229D87372F694505249385BD4DB097A7E04935FEC8A421A32C2EC82EE,reports/2026-04-27/personal_private_input_apply_candidates_report.md,REPORT,yes,yes,yes,no,EXPECTED_ENTRY|ALLOWED_ENTRY
compound_income_os_HANDOFF_20260427-163623_1bb6a1a.zip,5EF22AE229D87372F694505249385BD4DB097A7E04935FEC8A421A32C2EC82EE,reports/2026-04-27/personal_private_input_review_report.md,REPORT,yes,yes,yes,no,EXPECTED_ENTRY|ALLOWED_ENTRY
compound_income_os_HANDOFF_20260427-163623_1bb6a1a.zip,5EF22AE229D87372F694505249385BD4DB097A7E04935FEC8A421A32C2EC82EE,reports/2026-04-27/personal_readiness_status_report.md,REPORT,yes,yes,yes,no,EXPECTED_ENTRY|ALLOWED_ENTRY
compound_income_os_HANDOFF_20260427-163623_1bb6a1a.zip,5EF22AE229D87372F694505249385BD4DB097A7E04935FEC8A421A32C2EC82EE,reports/2026-04-27/personal_sec_core_kpi_refresh_plan_report.md,REPORT,yes,yes,yes,no,EXPECTED_ENTRY|ALLOWED_ENTRY
compound_income_os_HANDOFF_20260427-163623_1bb6a1a.zip,5EF22AE229D87372F694505249385BD4DB097A7E04935FEC8A421A32C2EC82EE,reports/2026-04-27/personal_sec_refresh_preflight_report.md,REPORT,yes,yes,yes,no,EXPECTED_ENTRY|ALLOWED_ENTRY
compound_income_os_HANDOFF_20260427-163623_1bb6a1a.zip,5EF22AE229D87372F694505249385BD4DB097A7E04935FEC8A421A32C2EC82EE,reports/2026-04-27/website_private_preview_copy_freeze_report.md,REPORT,yes,yes,yes,no,EXPECTED_ENTRY|ALLOWED_ENTRY
compound_income_os_HANDOFF_20260427-163623_1bb6a1a.zip,5EF22AE229D87372F694505249385BD4DB097A7E04935FEC8A421A32C2EC82EE,reports/2026-04-27/website_private_preview_release_notes.md,REPORT,yes,yes,yes,no,EXPECTED_ENTRY|ALLOWED_ENTRY
compound_income_os_HANDOFF_20260427-163623_1bb6a1a.zip,5EF22AE229D87372F694505249385BD4DB097A7E04935FEC8A421A32C2EC82EE,reports/2026-04-27/website_private_preview_route_matrix_report.md,REPORT,yes,yes,yes,no,EXPECTED_ENTRY|ALLOWED_ENTRY
compound_income_os_HANDOFF_20260427-163623_1bb6a1a.zip,5EF22AE229D87372F694505249385BD4DB097A7E04935FEC8A421A32C2EC82EE,reports/2026-04-27/website_static_build_package_report.md,REPORT,yes,yes,yes,no,EXPECTED_ENTRY|ALLOWED_ENTRY
compound_income_os_HANDOFF_20260427-163623_1bb6a1a.zip,5EF22AE229D87372F694505249385BD4DB097A7E04935FEC8A421A32C2EC82EE,src/__init__.py,SRC_MODULE,yes,yes,yes,no,EXPECTED_ENTRY|ALLOWED_ENTRY
compound_income_os_HANDOFF_20260427-163623_1bb6a1a.zip,5EF22AE229D87372F694505249385BD4DB097A7E04935FEC8A421A32C2EC82EE,src/benchmark_history_engine.py,SRC_MODULE,yes,yes,yes,no,EXPECTED_ENTRY|ALLOWED_ENTRY
compound_income_os_HANDOFF_20260427-163623_1bb6a1a.zip,5EF22AE229D87372F694505249385BD4DB097A7E04935FEC8A421A32C2EC82EE,src/build_monthly_decision_report.py,SRC_MODULE,yes,yes,yes,no,EXPECTED_ENTRY|ALLOWED_ENTRY
compound_income_os_HANDOFF_20260427-163623_1bb6a1a.zip,5EF22AE229D87372F694505249385BD4DB097A7E04935FEC8A421A32C2EC82EE,src/build_portfolio_snapshot.py,SRC_MODULE,yes,yes,yes,no,EXPECTED_ENTRY|ALLOWED_ENTRY
compound_income_os_HANDOFF_20260427-163623_1bb6a1a.zip,5EF22AE229D87372F694505249385BD4DB097A7E04935FEC8A421A32C2EC82EE,src/common.py,SRC_MODULE,yes,yes,yes,no,EXPECTED_ENTRY|ALLOWED_ENTRY
compound_income_os_HANDOFF_20260427-163623_1bb6a1a.zip,5EF22AE229D87372F694505249385BD4DB097A7E04935FEC8A421A32C2EC82EE,src/company_master.py,SRC_MODULE,yes,yes,yes,no,EXPECTED_ENTRY|ALLOWED_ENTRY
compound_income_os_HANDOFF_20260427-163623_1bb6a1a.zip,5EF22AE229D87372F694505249385BD4DB097A7E04935FEC8A421A32C2EC82EE,src/cost_tax_archive_engine.py,SRC_MODULE,yes,yes,yes,no,EXPECTED_ENTRY|ALLOWED_ENTRY
compound_income_os_HANDOFF_20260427-163623_1bb6a1a.zip,5EF22AE229D87372F694505249385BD4DB097A7E04935FEC8A421A32C2EC82EE,src/cost_tax_engine.py,SRC_MODULE,yes,yes,yes,no,EXPECTED_ENTRY|ALLOWED_ENTRY
compound_income_os_HANDOFF_20260427-163623_1bb6a1a.zip,5EF22AE229D87372F694505249385BD4DB097A7E04935FEC8A421A32C2EC82EE,src/dashboard_engine.py,SRC_MODULE,yes,yes,yes,no,EXPECTED_ENTRY|ALLOWED_ENTRY
compound_income_os_HANDOFF_20260427-163623_1bb6a1a.zip,5EF22AE229D87372F694505249385BD4DB097A7E04935FEC8A421A32C2EC82EE,src/dashboard_readiness_panel.py,SRC_MODULE,yes,yes,yes,no,EXPECTED_ENTRY|ALLOWED_ENTRY
compound_income_os_HANDOFF_20260427-163623_1bb6a1a.zip,5EF22AE229D87372F694505249385BD4DB097A7E04935FEC8A421A32C2EC82EE,src/dashboard_readiness_payload.py,SRC_MODULE,yes,yes,yes,no,EXPECTED_ENTRY|ALLOWED_ENTRY
compound_income_os_HANDOFF_20260427-163623_1bb6a1a.zip,5EF22AE229D87372F694505249385BD4DB097A7E04935FEC8A421A32C2EC82EE,src/dashboard_server.py,SRC_MODULE,yes,yes,yes,no,EXPECTED_ENTRY|ALLOWED_ENTRY
compound_income_os_HANDOFF_20260427-163623_1bb6a1a.zip,5EF22AE229D87372F694505249385BD4DB097A7E04935FEC8A421A32C2EC82EE,src/data_source_registry.py,SRC_MODULE,yes,yes,yes,no,EXPECTED_ENTRY|ALLOWED_ENTRY
compound_income_os_HANDOFF_20260427-163623_1bb6a1a.zip,5EF22AE229D87372F694505249385BD4DB097A7E04935FEC8A421A32C2EC82EE,src/external_sec_companyfacts_fetch.py,SRC_MODULE,yes,yes,yes,no,EXPECTED_ENTRY|ALLOWED_ENTRY
compound_income_os_HANDOFF_20260427-163623_1bb6a1a.zip,5EF22AE229D87372F694505249385BD4DB097A7E04935FEC8A421A32C2EC82EE,src/external_sec_identity_resolve.py,SRC_MODULE,yes,yes,yes,no,EXPECTED_ENTRY|ALLOWED_ENTRY
compound_income_os_HANDOFF_20260427-163623_1bb6a1a.zip,5EF22AE229D87372F694505249385BD4DB097A7E04935FEC8A421A32C2EC82EE,src/fundamentals_engine.py,SRC_MODULE,yes,yes,yes,no,EXPECTED_ENTRY|ALLOWED_ENTRY
compound_income_os_HANDOFF_20260427-163623_1bb6a1a.zip,5EF22AE229D87372F694505249385BD4DB097A7E04935FEC8A421A32C2EC82EE,src/fundamentals_evidence_apply.py,SRC_MODULE,yes,yes,yes,no,EXPECTED_ENTRY|ALLOWED_ENTRY
compound_income_os_HANDOFF_20260427-163623_1bb6a1a.zip,5EF22AE229D87372F694505249385BD4DB097A7E04935FEC8A421A32C2EC82EE,src/fundamentals_evidence_compose.py,SRC_MODULE,yes,yes,yes,no,EXPECTED_ENTRY|ALLOWED_ENTRY
compound_income_os_HANDOFF_20260427-163623_1bb6a1a.zip,5EF22AE229D87372F694505249385BD4DB097A7E04935FEC8A421A32C2EC82EE,src/fundamentals_evidence_engine.py,SRC_MODULE,yes,yes,yes,no,EXPECTED_ENTRY|ALLOWED_ENTRY
compound_income_os_HANDOFF_20260427-163623_1bb6a1a.zip,5EF22AE229D87372F694505249385BD4DB097A7E04935FEC8A421A32C2EC82EE,src/fundamentals_gap_diagnostics.py,SRC_MODULE,yes,yes,yes,no,EXPECTED_ENTRY|ALLOWED_ENTRY
compound_income_os_HANDOFF_20260427-163623_1bb6a1a.zip,5EF22AE229D87372F694505249385BD4DB097A7E04935FEC8A421A32C2EC82EE,src/fundamentals_master.py,SRC_MODULE,yes,yes,yes,no,EXPECTED_ENTRY|ALLOWED_ENTRY
compound_income_os_HANDOFF_20260427-163623_1bb6a1a.zip,5EF22AE229D87372F694505249385BD4DB097A7E04935FEC8A421A32C2EC82EE,src/fundamentals_overlay_engine.py,SRC_MODULE,yes,yes,yes,no,EXPECTED_ENTRY|ALLOWED_ENTRY
compound_income_os_HANDOFF_20260427-163623_1bb6a1a.zip,5EF22AE229D87372F694505249385BD4DB097A7E04935FEC8A421A32C2EC82EE,src/fundamentals_profile_engine.py,SRC_MODULE,yes,yes,yes,no,EXPECTED_ENTRY|ALLOWED_ENTRY
compound_income_os_HANDOFF_20260427-163623_1bb6a1a.zip,5EF22AE229D87372F694505249385BD4DB097A7E04935FEC8A421A32C2EC82EE,src/fundamentals_snapshot_ingestion.py,SRC_MODULE,yes,yes,yes,no,EXPECTED_ENTRY|ALLOWED_ENTRY
compound_income_os_HANDOFF_20260427-163623_1bb6a1a.zip,5EF22AE229D87372F694505249385BD4DB097A7E04935FEC8A421A32C2EC82EE,src/fundamentals_snapshot_review.py,SRC_MODULE,yes,yes,yes,no,EXPECTED_ENTRY|ALLOWED_ENTRY
compound_income_os_HANDOFF_20260427-163623_1bb6a1a.zip,5EF22AE229D87372F694505249385BD4DB097A7E04935FEC8A421A32C2EC82EE,src/handoff_zip_export.py,SRC_MODULE,yes,yes,yes,no,EXPECTED_ENTRY|ALLOWED_ENTRY
compound_income_os_HANDOFF_20260427-163623_1bb6a1a.zip,5EF22AE229D87372F694505249385BD4DB097A7E04935FEC8A421A32C2EC82EE,src/import_broker.py,SRC_MODULE,yes,yes,yes,no,EXPECTED_ENTRY|ALLOWED_ENTRY
compound_income_os_HANDOFF_20260427-163623_1bb6a1a.zip,5EF22AE229D87372F694505249385BD4DB097A7E04935FEC8A421A32C2EC82EE,src/monthly_ranking_engine.py,SRC_MODULE,yes,yes,yes,no,EXPECTED_ENTRY|ALLOWED_ENTRY
compound_income_os_HANDOFF_20260427-163623_1bb6a1a.zip,5EF22AE229D87372F694505249385BD4DB097A7E04935FEC8A421A32C2EC82EE,src/multi_benchmark_performance_engine.py,SRC_MODULE,yes,yes,yes,no,EXPECTED_ENTRY|ALLOWED_ENTRY
compound_income_os_HANDOFF_20260427-163623_1bb6a1a.zip,5EF22AE229D87372F694505249385BD4DB097A7E04935FEC8A421A32C2EC82EE,src/normalize_positions.py,SRC_MODULE,yes,yes,yes,no,EXPECTED_ENTRY|ALLOWED_ENTRY
compound_income_os_HANDOFF_20260427-163623_1bb6a1a.zip,5EF22AE229D87372F694505249385BD4DB097A7E04935FEC8A421A32C2EC82EE,src/performance_engine.py,SRC_MODULE,yes,yes,yes,no,EXPECTED_ENTRY|ALLOWED_ENTRY
compound_income_os_HANDOFF_20260427-163623_1bb6a1a.zip,5EF22AE229D87372F694505249385BD4DB097A7E04935FEC8A421A32C2EC82EE,src/personal_artifact_freshness.py,SRC_MODULE,yes,yes,yes,no,EXPECTED_ENTRY|ALLOWED_ENTRY
compound_income_os_HANDOFF_20260427-163623_1bb6a1a.zip,5EF22AE229D87372F694505249385BD4DB097A7E04935FEC8A421A32C2EC82EE,src/personal_artifact_reconciliation.py,SRC_MODULE,yes,yes,yes,no,EXPECTED_ENTRY|ALLOWED_ENTRY
compound_income_os_HANDOFF_20260427-163623_1bb6a1a.zip,5EF22AE229D87372F694505249385BD4DB097A7E04935FEC8A421A32C2EC82EE,src/personal_core_kpi_closure.py,SRC_MODULE,yes,yes,yes,no,EXPECTED_ENTRY|ALLOWED_ENTRY
compound_income_os_HANDOFF_20260427-163623_1bb6a1a.zip,5EF22AE229D87372F694505249385BD4DB097A7E04935FEC8A421A32C2EC82EE,src/personal_dividend_fcf_input_contract.py,SRC_MODULE,yes,yes,yes,no,EXPECTED_ENTRY|ALLOWED_ENTRY
compound_income_os_HANDOFF_20260427-163623_1bb6a1a.zip,5EF22AE229D87372F694505249385BD4DB097A7E04935FEC8A421A32C2EC82EE,src/personal_evidence_applied_downstream_delta.py,SRC_MODULE,yes,yes,yes,no,EXPECTED_ENTRY|ALLOWED_ENTRY
compound_income_os_HANDOFF_20260427-163623_1bb6a1a.zip,5EF22AE229D87372F694505249385BD4DB097A7E04935FEC8A421A32C2EC82EE,src/personal_kpi_provenance_audit.py,SRC_MODULE,yes,yes,yes,no,EXPECTED_ENTRY|ALLOWED_ENTRY
compound_income_os_HANDOFF_20260427-163623_1bb6a1a.zip,5EF22AE229D87372F694505249385BD4DB097A7E04935FEC8A421A32C2EC82EE,src/personal_kpi_tier_coverage.py,SRC_MODULE,yes,yes,yes,no,EXPECTED_ENTRY|ALLOWED_ENTRY
compound_income_os_HANDOFF_20260427-163623_1bb6a1a.zip,5EF22AE229D87372F694505249385BD4DB097A7E04935FEC8A421A32C2EC82EE,src/personal_missing_kpi_closure_report.py,SRC_MODULE,yes,yes,yes,no,EXPECTED_ENTRY|ALLOWED_ENTRY
compound_income_os_HANDOFF_20260427-163623_1bb6a1a.zip,5EF22AE229D87372F694505249385BD4DB097A7E04935FEC8A421A32C2EC82EE,src/personal_monthly_action_schema.py,SRC_MODULE,yes,yes,yes,no,EXPECTED_ENTRY|ALLOWED_ENTRY
compound_income_os_HANDOFF_20260427-163623_1bb6a1a.zip,5EF22AE229D87372F694505249385BD4DB097A7E04935FEC8A421A32C2EC82EE,src/personal_private_input_apply_candidates.py,SRC_MODULE,yes,yes,yes,no,EXPECTED_ENTRY|ALLOWED_ENTRY
compound_income_os_HANDOFF_20260427-163623_1bb6a1a.zip,5EF22AE229D87372F694505249385BD4DB097A7E04935FEC8A421A32C2EC82EE,src/personal_private_input_review.py,SRC_MODULE,yes,yes,yes,no,EXPECTED_ENTRY|ALLOWED_ENTRY
compound_income_os_HANDOFF_20260427-163623_1bb6a1a.zip,5EF22AE229D87372F694505249385BD4DB097A7E04935FEC8A421A32C2EC82EE,src/personal_profile_review_materialize.py,SRC_MODULE,yes,yes,yes,no,EXPECTED_ENTRY|ALLOWED_ENTRY
compound_income_os_HANDOFF_20260427-163623_1bb6a1a.zip,5EF22AE229D87372F694505249385BD4DB097A7E04935FEC8A421A32C2EC82EE,src/personal_profile_review_unlock_report.py,SRC_MODULE,yes,yes,yes,no,EXPECTED_ENTRY|ALLOWED_ENTRY
compound_income_os_HANDOFF_20260427-163623_1bb6a1a.zip,5EF22AE229D87372F694505249385BD4DB097A7E04935FEC8A421A32C2EC82EE,src/personal_readiness_status.py,SRC_MODULE,yes,yes,yes,no,EXPECTED_ENTRY|ALLOWED_ENTRY
compound_income_os_HANDOFF_20260427-163623_1bb6a1a.zip,5EF22AE229D87372F694505249385BD4DB097A7E04935FEC8A421A32C2EC82EE,src/personal_run_engine.py,SRC_MODULE,yes,yes,yes,no,EXPECTED_ENTRY|ALLOWED_ENTRY
compound_income_os_HANDOFF_20260427-163623_1bb6a1a.zip,5EF22AE229D87372F694505249385BD4DB097A7E04935FEC8A421A32C2EC82EE,src/personal_score_audit_provenance.py,SRC_MODULE,yes,yes,yes,no,EXPECTED_ENTRY|ALLOWED_ENTRY
compound_income_os_HANDOFF_20260427-163623_1bb6a1a.zip,5EF22AE229D87372F694505249385BD4DB097A7E04935FEC8A421A32C2EC82EE,src/personal_sec_core_kpi_refresh_plan.py,SRC_MODULE,yes,yes,yes,no,EXPECTED_ENTRY|ALLOWED_ENTRY
compound_income_os_HANDOFF_20260427-163623_1bb6a1a.zip,5EF22AE229D87372F694505249385BD4DB097A7E04935FEC8A421A32C2EC82EE,src/personal_sec_identity_apply.py,SRC_MODULE,yes,yes,yes,no,EXPECTED_ENTRY|ALLOWED_ENTRY
compound_income_os_HANDOFF_20260427-163623_1bb6a1a.zip,5EF22AE229D87372F694505249385BD4DB097A7E04935FEC8A421A32C2EC82EE,src/personal_sec_identity_export.py,SRC_MODULE,yes,yes,yes,no,EXPECTED_ENTRY|ALLOWED_ENTRY
compound_income_os_HANDOFF_20260427-163623_1bb6a1a.zip,5EF22AE229D87372F694505249385BD4DB097A7E04935FEC8A421A32C2EC82EE,src/personal_sec_profile_seed.py,SRC_MODULE,yes,yes,yes,no,EXPECTED_ENTRY|ALLOWED_ENTRY
compound_income_os_HANDOFF_20260427-163623_1bb6a1a.zip,5EF22AE229D87372F694505249385BD4DB097A7E04935FEC8A421A32C2EC82EE,src/personal_sec_refresh_pipeline.py,SRC_MODULE,yes,yes,yes,no,EXPECTED_ENTRY|ALLOWED_ENTRY
compound_income_os_HANDOFF_20260427-163623_1bb6a1a.zip,5EF22AE229D87372F694505249385BD4DB097A7E04935FEC8A421A32C2EC82EE,src/personal_sec_refresh_preflight.py,SRC_MODULE,yes,yes,yes,no,EXPECTED_ENTRY|ALLOWED_ENTRY
compound_income_os_HANDOFF_20260427-163623_1bb6a1a.zip,5EF22AE229D87372F694505249385BD4DB097A7E04935FEC8A421A32C2EC82EE,src/personal_sec_scope_prepare.py,SRC_MODULE,yes,yes,yes,no,EXPECTED_ENTRY|ALLOWED_ENTRY
compound_income_os_HANDOFF_20260427-163623_1bb6a1a.zip,5EF22AE229D87372F694505249385BD4DB097A7E04935FEC8A421A32C2EC82EE,src/personal_valuation_input_contract.py,SRC_MODULE,yes,yes,yes,no,EXPECTED_ENTRY|ALLOWED_ENTRY
compound_income_os_HANDOFF_20260427-163623_1bb6a1a.zip,5EF22AE229D87372F694505249385BD4DB097A7E04935FEC8A421A32C2EC82EE,src/personal_watchlist_input_gate.py,SRC_MODULE,yes,yes,yes,no,EXPECTED_ENTRY|ALLOWED_ENTRY
compound_income_os_HANDOFF_20260427-163623_1bb6a1a.zip,5EF22AE229D87372F694505249385BD4DB097A7E04935FEC8A421A32C2EC82EE,src/portfolio_history_engine.py,SRC_MODULE,yes,yes,yes,no,EXPECTED_ENTRY|ALLOWED_ENTRY
compound_income_os_HANDOFF_20260427-163623_1bb6a1a.zip,5EF22AE229D87372F694505249385BD4DB097A7E04935FEC8A421A32C2EC82EE,src/portfolio_review.py,SRC_MODULE,yes,yes,yes,no,EXPECTED_ENTRY|ALLOWED_ENTRY
compound_income_os_HANDOFF_20260427-163623_1bb6a1a.zip,5EF22AE229D87372F694505249385BD4DB097A7E04935FEC8A421A32C2EC82EE,src/portfolio_rules.py,SRC_MODULE,yes,yes,yes,no,EXPECTED_ENTRY|ALLOWED_ENTRY
compound_income_os_HANDOFF_20260427-163623_1bb6a1a.zip,5EF22AE229D87372F694505249385BD4DB097A7E04935FEC8A421A32C2EC82EE,src/scoring_engine.py,SRC_MODULE,yes,yes,yes,no,EXPECTED_ENTRY|ALLOWED_ENTRY
compound_income_os_HANDOFF_20260427-163623_1bb6a1a.zip,5EF22AE229D87372F694505249385BD4DB097A7E04935FEC8A421A32C2EC82EE,src/traderepublic_documents.py,SRC_MODULE,yes,yes,yes,no,EXPECTED_ENTRY|ALLOWED_ENTRY
compound_income_os_HANDOFF_20260427-163623_1bb6a1a.zip,5EF22AE229D87372F694505249385BD4DB097A7E04935FEC8A421A32C2EC82EE,src/valuation_engine.py,SRC_MODULE,yes,yes,yes,no,EXPECTED_ENTRY|ALLOWED_ENTRY
compound_income_os_HANDOFF_20260427-163623_1bb6a1a.zip,5EF22AE229D87372F694505249385BD4DB097A7E04935FEC8A421A32C2EC82EE,src/watchlist_engine.py,SRC_MODULE,yes,yes,yes,no,EXPECTED_ENTRY|ALLOWED_ENTRY
compound_income_os_HANDOFF_20260427-163623_1bb6a1a.zip,5EF22AE229D87372F694505249385BD4DB097A7E04935FEC8A421A32C2EC82EE,src/website_demo_payload_export.py,SRC_MODULE,yes,yes,yes,no,EXPECTED_ENTRY|ALLOWED_ENTRY
compound_income_os_HANDOFF_20260427-163623_1bb6a1a.zip,5EF22AE229D87372F694505249385BD4DB097A7E04935FEC8A421A32C2EC82EE,src/website_private_preview_copy_freeze.py,SRC_MODULE,yes,yes,yes,no,EXPECTED_ENTRY|ALLOWED_ENTRY
compound_income_os_HANDOFF_20260427-163623_1bb6a1a.zip,5EF22AE229D87372F694505249385BD4DB097A7E04935FEC8A421A32C2EC82EE,src/website_private_preview_release_notes.py,SRC_MODULE,yes,yes,yes,no,EXPECTED_ENTRY|ALLOWED_ENTRY
compound_income_os_HANDOFF_20260427-163623_1bb6a1a.zip,5EF22AE229D87372F694505249385BD4DB097A7E04935FEC8A421A32C2EC82EE,src/website_private_preview_route_matrix.py,SRC_MODULE,yes,yes,yes,no,EXPECTED_ENTRY|ALLOWED_ENTRY
compound_income_os_HANDOFF_20260427-163623_1bb6a1a.zip,5EF22AE229D87372F694505249385BD4DB097A7E04935FEC8A421A32C2EC82EE,src/website_static_build_package_qa.py,SRC_MODULE,yes,yes,yes,no,EXPECTED_ENTRY|ALLOWED_ENTRY
compound_income_os_HANDOFF_20260427-163623_1bb6a1a.zip,5EF22AE229D87372F694505249385BD4DB097A7E04935FEC8A421A32C2EC82EE,tests/__init__.py,TEST,yes,yes,yes,no,EXPECTED_ENTRY|ALLOWED_ENTRY
compound_income_os_HANDOFF_20260427-163623_1bb6a1a.zip,5EF22AE229D87372F694505249385BD4DB097A7E04935FEC8A421A32C2EC82EE,tests/test_benchmark_history_engine.py,TEST,yes,yes,yes,no,EXPECTED_ENTRY|ALLOWED_ENTRY
compound_income_os_HANDOFF_20260427-163623_1bb6a1a.zip,5EF22AE229D87372F694505249385BD4DB097A7E04935FEC8A421A32C2EC82EE,tests/test_common.py,TEST,yes,yes,yes,no,EXPECTED_ENTRY|ALLOWED_ENTRY
compound_income_os_HANDOFF_20260427-163623_1bb6a1a.zip,5EF22AE229D87372F694505249385BD4DB097A7E04935FEC8A421A32C2EC82EE,tests/test_cost_tax_archive_engine.py,TEST,yes,yes,yes,no,EXPECTED_ENTRY|ALLOWED_ENTRY
compound_income_os_HANDOFF_20260427-163623_1bb6a1a.zip,5EF22AE229D87372F694505249385BD4DB097A7E04935FEC8A421A32C2EC82EE,tests/test_cost_tax_engine.py,TEST,yes,yes,yes,no,EXPECTED_ENTRY|ALLOWED_ENTRY
compound_income_os_HANDOFF_20260427-163623_1bb6a1a.zip,5EF22AE229D87372F694505249385BD4DB097A7E04935FEC8A421A32C2EC82EE,tests/test_dashboard_engine.py,TEST,yes,yes,yes,no,EXPECTED_ENTRY|ALLOWED_ENTRY
compound_income_os_HANDOFF_20260427-163623_1bb6a1a.zip,5EF22AE229D87372F694505249385BD4DB097A7E04935FEC8A421A32C2EC82EE,tests/test_dashboard_readiness_panel.py,TEST,yes,yes,yes,no,EXPECTED_ENTRY|ALLOWED_ENTRY
compound_income_os_HANDOFF_20260427-163623_1bb6a1a.zip,5EF22AE229D87372F694505249385BD4DB097A7E04935FEC8A421A32C2EC82EE,tests/test_dashboard_readiness_payload.py,TEST,yes,yes,yes,no,EXPECTED_ENTRY|ALLOWED_ENTRY
compound_income_os_HANDOFF_20260427-163623_1bb6a1a.zip,5EF22AE229D87372F694505249385BD4DB097A7E04935FEC8A421A32C2EC82EE,tests/test_dashboard_server.py,TEST,yes,yes,yes,no,EXPECTED_ENTRY|ALLOWED_ENTRY
compound_income_os_HANDOFF_20260427-163623_1bb6a1a.zip,5EF22AE229D87372F694505249385BD4DB097A7E04935FEC8A421A32C2EC82EE,tests/test_data_source_registry.py,TEST,yes,yes,yes,no,EXPECTED_ENTRY|ALLOWED_ENTRY
compound_income_os_HANDOFF_20260427-163623_1bb6a1a.zip,5EF22AE229D87372F694505249385BD4DB097A7E04935FEC8A421A32C2EC82EE,tests/test_external_sec_companyfacts_fetch.py,TEST,yes,yes,yes,no,EXPECTED_ENTRY|ALLOWED_ENTRY
compound_income_os_HANDOFF_20260427-163623_1bb6a1a.zip,5EF22AE229D87372F694505249385BD4DB097A7E04935FEC8A421A32C2EC82EE,tests/test_external_sec_identity_resolve.py,TEST,yes,yes,yes,no,EXPECTED_ENTRY|ALLOWED_ENTRY
compound_income_os_HANDOFF_20260427-163623_1bb6a1a.zip,5EF22AE229D87372F694505249385BD4DB097A7E04935FEC8A421A32C2EC82EE,tests/test_fundamentals_engine.py,TEST,yes,yes,yes,no,EXPECTED_ENTRY|ALLOWED_ENTRY
compound_income_os_HANDOFF_20260427-163623_1bb6a1a.zip,5EF22AE229D87372F694505249385BD4DB097A7E04935FEC8A421A32C2EC82EE,tests/test_fundamentals_evidence_apply.py,TEST,yes,yes,yes,no,EXPECTED_ENTRY|ALLOWED_ENTRY
compound_income_os_HANDOFF_20260427-163623_1bb6a1a.zip,5EF22AE229D87372F694505249385BD4DB097A7E04935FEC8A421A32C2EC82EE,tests/test_fundamentals_evidence_compose.py,TEST,yes,yes,yes,no,EXPECTED_ENTRY|ALLOWED_ENTRY
compound_income_os_HANDOFF_20260427-163623_1bb6a1a.zip,5EF22AE229D87372F694505249385BD4DB097A7E04935FEC8A421A32C2EC82EE,tests/test_fundamentals_evidence_engine.py,TEST,yes,yes,yes,no,EXPECTED_ENTRY|ALLOWED_ENTRY
compound_income_os_HANDOFF_20260427-163623_1bb6a1a.zip,5EF22AE229D87372F694505249385BD4DB097A7E04935FEC8A421A32C2EC82EE,tests/test_fundamentals_gap_diagnostics.py,TEST,yes,yes,yes,no,EXPECTED_ENTRY|ALLOWED_ENTRY
compound_income_os_HANDOFF_20260427-163623_1bb6a1a.zip,5EF22AE229D87372F694505249385BD4DB097A7E04935FEC8A421A32C2EC82EE,tests/test_fundamentals_master.py,TEST,yes,yes,yes,no,EXPECTED_ENTRY|ALLOWED_ENTRY
compound_income_os_HANDOFF_20260427-163623_1bb6a1a.zip,5EF22AE229D87372F694505249385BD4DB097A7E04935FEC8A421A32C2EC82EE,tests/test_fundamentals_overlay_engine.py,TEST,yes,yes,yes,no,EXPECTED_ENTRY|ALLOWED_ENTRY
compound_income_os_HANDOFF_20260427-163623_1bb6a1a.zip,5EF22AE229D87372F694505249385BD4DB097A7E04935FEC8A421A32C2EC82EE,tests/test_fundamentals_profile_engine.py,TEST,yes,yes,yes,no,EXPECTED_ENTRY|ALLOWED_ENTRY
compound_income_os_HANDOFF_20260427-163623_1bb6a1a.zip,5EF22AE229D87372F694505249385BD4DB097A7E04935FEC8A421A32C2EC82EE,tests/test_fundamentals_snapshot_ingestion.py,TEST,yes,yes,yes,no,EXPECTED_ENTRY|ALLOWED_ENTRY
compound_income_os_HANDOFF_20260427-163623_1bb6a1a.zip,5EF22AE229D87372F694505249385BD4DB097A7E04935FEC8A421A32C2EC82EE,tests/test_fundamentals_snapshot_review.py,TEST,yes,yes,yes,no,EXPECTED_ENTRY|ALLOWED_ENTRY
compound_income_os_HANDOFF_20260427-163623_1bb6a1a.zip,5EF22AE229D87372F694505249385BD4DB097A7E04935FEC8A421A32C2EC82EE,tests/test_handoff_zip_export.py,TEST,yes,yes,yes,no,EXPECTED_ENTRY|ALLOWED_ENTRY
compound_income_os_HANDOFF_20260427-163623_1bb6a1a.zip,5EF22AE229D87372F694505249385BD4DB097A7E04935FEC8A421A32C2EC82EE,tests/test_import_normalization.py,TEST,yes,yes,yes,no,EXPECTED_ENTRY|ALLOWED_ENTRY
compound_income_os_HANDOFF_20260427-163623_1bb6a1a.zip,5EF22AE229D87372F694505249385BD4DB097A7E04935FEC8A421A32C2EC82EE,tests/test_monthly_decision_report.py,TEST,yes,yes,yes,no,EXPECTED_ENTRY|ALLOWED_ENTRY
compound_income_os_HANDOFF_20260427-163623_1bb6a1a.zip,5EF22AE229D87372F694505249385BD4DB097A7E04935FEC8A421A32C2EC82EE,tests/test_monthly_ranking_engine.py,TEST,yes,yes,yes,no,EXPECTED_ENTRY|ALLOWED_ENTRY
compound_income_os_HANDOFF_20260427-163623_1bb6a1a.zip,5EF22AE229D87372F694505249385BD4DB097A7E04935FEC8A421A32C2EC82EE,tests/test_multi_benchmark_performance_engine.py,TEST,yes,yes,yes,no,EXPECTED_ENTRY|ALLOWED_ENTRY
compound_income_os_HANDOFF_20260427-163623_1bb6a1a.zip,5EF22AE229D87372F694505249385BD4DB097A7E04935FEC8A421A32C2EC82EE,tests/test_performance_engine.py,TEST,yes,yes,yes,no,EXPECTED_ENTRY|ALLOWED_ENTRY
compound_income_os_HANDOFF_20260427-163623_1bb6a1a.zip,5EF22AE229D87372F694505249385BD4DB097A7E04935FEC8A421A32C2EC82EE,tests/test_personal_artifact_freshness.py,TEST,yes,yes,yes,no,EXPECTED_ENTRY|ALLOWED_ENTRY
compound_income_os_HANDOFF_20260427-163623_1bb6a1a.zip,5EF22AE229D87372F694505249385BD4DB097A7E04935FEC8A421A32C2EC82EE,tests/test_personal_artifact_reconciliation.py,TEST,yes,yes,yes,no,EXPECTED_ENTRY|ALLOWED_ENTRY
compound_income_os_HANDOFF_20260427-163623_1bb6a1a.zip,5EF22AE229D87372F694505249385BD4DB097A7E04935FEC8A421A32C2EC82EE,tests/test_personal_core_kpi_closure.py,TEST,yes,yes,yes,no,EXPECTED_ENTRY|ALLOWED_ENTRY
compound_income_os_HANDOFF_20260427-163623_1bb6a1a.zip,5EF22AE229D87372F694505249385BD4DB097A7E04935FEC8A421A32C2EC82EE,tests/test_personal_dividend_fcf_input_contract.py,TEST,yes,yes,yes,no,EXPECTED_ENTRY|ALLOWED_ENTRY
compound_income_os_HANDOFF_20260427-163623_1bb6a1a.zip,5EF22AE229D87372F694505249385BD4DB097A7E04935FEC8A421A32C2EC82EE,tests/test_personal_evidence_applied_downstream_delta.py,TEST,yes,yes,yes,no,EXPECTED_ENTRY|ALLOWED_ENTRY
compound_income_os_HANDOFF_20260427-163623_1bb6a1a.zip,5EF22AE229D87372F694505249385BD4DB097A7E04935FEC8A421A32C2EC82EE,tests/test_personal_kpi_provenance_audit.py,TEST,yes,yes,yes,no,EXPECTED_ENTRY|ALLOWED_ENTRY
compound_income_os_HANDOFF_20260427-163623_1bb6a1a.zip,5EF22AE229D87372F694505249385BD4DB097A7E04935FEC8A421A32C2EC82EE,tests/test_personal_missing_kpi_closure_report.py,TEST,yes,yes,yes,no,EXPECTED_ENTRY|ALLOWED_ENTRY
compound_income_os_HANDOFF_20260427-163623_1bb6a1a.zip,5EF22AE229D87372F694505249385BD4DB097A7E04935FEC8A421A32C2EC82EE,tests/test_personal_monthly_action_schema.py,TEST,yes,yes,yes,no,EXPECTED_ENTRY|ALLOWED_ENTRY
compound_income_os_HANDOFF_20260427-163623_1bb6a1a.zip,5EF22AE229D87372F694505249385BD4DB097A7E04935FEC8A421A32C2EC82EE,tests/test_personal_private_input_apply_candidates.py,TEST,yes,yes,yes,no,EXPECTED_ENTRY|ALLOWED_ENTRY
compound_income_os_HANDOFF_20260427-163623_1bb6a1a.zip,5EF22AE229D87372F694505249385BD4DB097A7E04935FEC8A421A32C2EC82EE,tests/test_personal_private_input_review.py,TEST,yes,yes,yes,no,EXPECTED_ENTRY|ALLOWED_ENTRY
compound_income_os_HANDOFF_20260427-163623_1bb6a1a.zip,5EF22AE229D87372F694505249385BD4DB097A7E04935FEC8A421A32C2EC82EE,tests/test_personal_profile_review_materialize.py,TEST,yes,yes,yes,no,EXPECTED_ENTRY|ALLOWED_ENTRY
compound_income_os_HANDOFF_20260427-163623_1bb6a1a.zip,5EF22AE229D87372F694505249385BD4DB097A7E04935FEC8A421A32C2EC82EE,tests/test_personal_profile_review_unlock_report.py,TEST,yes,yes,yes,no,EXPECTED_ENTRY|ALLOWED_ENTRY
compound_income_os_HANDOFF_20260427-163623_1bb6a1a.zip,5EF22AE229D87372F694505249385BD4DB097A7E04935FEC8A421A32C2EC82EE,tests/test_personal_readiness_status.py,TEST,yes,yes,yes,no,EXPECTED_ENTRY|ALLOWED_ENTRY
compound_income_os_HANDOFF_20260427-163623_1bb6a1a.zip,5EF22AE229D87372F694505249385BD4DB097A7E04935FEC8A421A32C2EC82EE,tests/test_personal_run_engine.py,TEST,yes,yes,yes,no,EXPECTED_ENTRY|ALLOWED_ENTRY
compound_income_os_HANDOFF_20260427-163623_1bb6a1a.zip,5EF22AE229D87372F694505249385BD4DB097A7E04935FEC8A421A32C2EC82EE,tests/test_personal_score_audit_provenance.py,TEST,yes,yes,yes,no,EXPECTED_ENTRY|ALLOWED_ENTRY
compound_income_os_HANDOFF_20260427-163623_1bb6a1a.zip,5EF22AE229D87372F694505249385BD4DB097A7E04935FEC8A421A32C2EC82EE,tests/test_personal_sec_core_kpi_refresh_plan.py,TEST,yes,yes,yes,no,EXPECTED_ENTRY|ALLOWED_ENTRY
compound_income_os_HANDOFF_20260427-163623_1bb6a1a.zip,5EF22AE229D87372F694505249385BD4DB097A7E04935FEC8A421A32C2EC82EE,tests/test_personal_sec_identity_apply.py,TEST,yes,yes,yes,no,EXPECTED_ENTRY|ALLOWED_ENTRY
compound_income_os_HANDOFF_20260427-163623_1bb6a1a.zip,5EF22AE229D87372F694505249385BD4DB097A7E04935FEC8A421A32C2EC82EE,tests/test_personal_sec_identity_export.py,TEST,yes,yes,yes,no,EXPECTED_ENTRY|ALLOWED_ENTRY
compound_income_os_HANDOFF_20260427-163623_1bb6a1a.zip,5EF22AE229D87372F694505249385BD4DB097A7E04935FEC8A421A32C2EC82EE,tests/test_personal_sec_profile_seed.py,TEST,yes,yes,yes,no,EXPECTED_ENTRY|ALLOWED_ENTRY
compound_income_os_HANDOFF_20260427-163623_1bb6a1a.zip,5EF22AE229D87372F694505249385BD4DB097A7E04935FEC8A421A32C2EC82EE,tests/test_personal_sec_refresh_pipeline.py,TEST,yes,yes,yes,no,EXPECTED_ENTRY|ALLOWED_ENTRY
compound_income_os_HANDOFF_20260427-163623_1bb6a1a.zip,5EF22AE229D87372F694505249385BD4DB097A7E04935FEC8A421A32C2EC82EE,tests/test_personal_sec_refresh_preflight.py,TEST,yes,yes,yes,no,EXPECTED_ENTRY|ALLOWED_ENTRY
compound_income_os_HANDOFF_20260427-163623_1bb6a1a.zip,5EF22AE229D87372F694505249385BD4DB097A7E04935FEC8A421A32C2EC82EE,tests/test_personal_sec_scope_prepare.py,TEST,yes,yes,yes,no,EXPECTED_ENTRY|ALLOWED_ENTRY
compound_income_os_HANDOFF_20260427-163623_1bb6a1a.zip,5EF22AE229D87372F694505249385BD4DB097A7E04935FEC8A421A32C2EC82EE,tests/test_personal_valuation_input_contract.py,TEST,yes,yes,yes,no,EXPECTED_ENTRY|ALLOWED_ENTRY
compound_income_os_HANDOFF_20260427-163623_1bb6a1a.zip,5EF22AE229D87372F694505249385BD4DB097A7E04935FEC8A421A32C2EC82EE,tests/test_personal_watchlist_input_gate.py,TEST,yes,yes,yes,no,EXPECTED_ENTRY|ALLOWED_ENTRY
compound_income_os_HANDOFF_20260427-163623_1bb6a1a.zip,5EF22AE229D87372F694505249385BD4DB097A7E04935FEC8A421A32C2EC82EE,tests/test_portfolio_history_engine.py,TEST,yes,yes,yes,no,EXPECTED_ENTRY|ALLOWED_ENTRY
compound_income_os_HANDOFF_20260427-163623_1bb6a1a.zip,5EF22AE229D87372F694505249385BD4DB097A7E04935FEC8A421A32C2EC82EE,tests/test_portfolio_review.py,TEST,yes,yes,yes,no,EXPECTED_ENTRY|ALLOWED_ENTRY
compound_income_os_HANDOFF_20260427-163623_1bb6a1a.zip,5EF22AE229D87372F694505249385BD4DB097A7E04935FEC8A421A32C2EC82EE,tests/test_portfolio_rules.py,TEST,yes,yes,yes,no,EXPECTED_ENTRY|ALLOWED_ENTRY
compound_income_os_HANDOFF_20260427-163623_1bb6a1a.zip,5EF22AE229D87372F694505249385BD4DB097A7E04935FEC8A421A32C2EC82EE,tests/test_readme_and_reports.py,TEST,yes,yes,yes,no,EXPECTED_ENTRY|ALLOWED_ENTRY
compound_income_os_HANDOFF_20260427-163623_1bb6a1a.zip,5EF22AE229D87372F694505249385BD4DB097A7E04935FEC8A421A32C2EC82EE,tests/test_real_portfolio_onboarding.py,TEST,yes,yes,yes,no,EXPECTED_ENTRY|ALLOWED_ENTRY
compound_income_os_HANDOFF_20260427-163623_1bb6a1a.zip,5EF22AE229D87372F694505249385BD4DB097A7E04935FEC8A421A32C2EC82EE,tests/test_scoring_engine.py,TEST,yes,yes,yes,no,EXPECTED_ENTRY|ALLOWED_ENTRY
compound_income_os_HANDOFF_20260427-163623_1bb6a1a.zip,5EF22AE229D87372F694505249385BD4DB097A7E04935FEC8A421A32C2EC82EE,tests/test_traderepublic_documents.py,TEST,yes,yes,yes,no,EXPECTED_ENTRY|ALLOWED_ENTRY
compound_income_os_HANDOFF_20260427-163623_1bb6a1a.zip,5EF22AE229D87372F694505249385BD4DB097A7E04935FEC8A421A32C2EC82EE,tests/test_watchlist_engine.py,TEST,yes,yes,yes,no,EXPECTED_ENTRY|ALLOWED_ENTRY
compound_income_os_HANDOFF_20260427-163623_1bb6a1a.zip,5EF22AE229D87372F694505249385BD4DB097A7E04935FEC8A421A32C2EC82EE,tests/test_website_dashboard_page.py,TEST,yes,yes,yes,no,EXPECTED_ENTRY|ALLOWED_ENTRY
compound_income_os_HANDOFF_20260427-163623_1bb6a1a.zip,5EF22AE229D87372F694505249385BD4DB097A7E04935FEC8A421A32C2EC82EE,tests/test_website_demo_payload_export.py,TEST,yes,yes,yes,no,EXPECTED_ENTRY|ALLOWED_ENTRY
compound_income_os_HANDOFF_20260427-163623_1bb6a1a.zip,5EF22AE229D87372F694505249385BD4DB097A7E04935FEC8A421A32C2EC82EE,tests/test_website_manifesto_page.py,TEST,yes,yes,yes,no,EXPECTED_ENTRY|ALLOWED_ENTRY
compound_income_os_HANDOFF_20260427-163623_1bb6a1a.zip,5EF22AE229D87372F694505249385BD4DB097A7E04935FEC8A421A32C2EC82EE,tests/test_website_portfolio_page.py,TEST,yes,yes,yes,no,EXPECTED_ENTRY|ALLOWED_ENTRY
compound_income_os_HANDOFF_20260427-163623_1bb6a1a.zip,5EF22AE229D87372F694505249385BD4DB097A7E04935FEC8A421A32C2EC82EE,tests/test_website_private_preview_copy_freeze.py,TEST,yes,yes,yes,no,EXPECTED_ENTRY|ALLOWED_ENTRY
compound_income_os_HANDOFF_20260427-163623_1bb6a1a.zip,5EF22AE229D87372F694505249385BD4DB097A7E04935FEC8A421A32C2EC82EE,tests/test_website_private_preview_release_notes.py,TEST,yes,yes,yes,no,EXPECTED_ENTRY|ALLOWED_ENTRY
compound_income_os_HANDOFF_20260427-163623_1bb6a1a.zip,5EF22AE229D87372F694505249385BD4DB097A7E04935FEC8A421A32C2EC82EE,tests/test_website_private_preview_route_matrix.py,TEST,yes,yes,yes,no,EXPECTED_ENTRY|ALLOWED_ENTRY
compound_income_os_HANDOFF_20260427-163623_1bb6a1a.zip,5EF22AE229D87372F694505249385BD4DB097A7E04935FEC8A421A32C2EC82EE,tests/test_website_static_build_package_qa.py,TEST,yes,yes,yes,no,EXPECTED_ENTRY|ALLOWED_ENTRY
compound_income_os_HANDOFF_20260427-163623_1bb6a1a.zip,5EF22AE229D87372F694505249385BD4DB097A7E04935FEC8A421A32C2EC82EE,website/compound-income-os-landing/.env.example,OTHER,yes,yes,yes,no,EXPECTED_ENTRY|ALLOWED_ENTRY
compound_income_os_HANDOFF_20260427-163623_1bb6a1a.zip,5EF22AE229D87372F694505249385BD4DB097A7E04935FEC8A421A32C2EC82EE,website/compound-income-os-landing/DEPLOYMENT_DRY_RUN.md,OTHER,yes,yes,yes,no,EXPECTED_ENTRY|ALLOWED_ENTRY
compound_income_os_HANDOFF_20260427-163623_1bb6a1a.zip,5EF22AE229D87372F694505249385BD4DB097A7E04935FEC8A421A32C2EC82EE,website/compound-income-os-landing/DEPLOYMENT_NOTES.md,WEBSITE_DOC,yes,yes,yes,no,EXPECTED_ENTRY|ALLOWED_ENTRY
compound_income_os_HANDOFF_20260427-163623_1bb6a1a.zip,5EF22AE229D87372F694505249385BD4DB097A7E04935FEC8A421A32C2EC82EE,website/compound-income-os-landing/README.md,WEBSITE_DOC,yes,yes,yes,no,EXPECTED_ENTRY|ALLOWED_ENTRY
compound_income_os_HANDOFF_20260427-163623_1bb6a1a.zip,5EF22AE229D87372F694505249385BD4DB097A7E04935FEC8A421A32C2EC82EE,website/compound-income-os-landing/eslint.config.js,OTHER,yes,yes,yes,no,EXPECTED_ENTRY|ALLOWED_ENTRY
compound_income_os_HANDOFF_20260427-163623_1bb6a1a.zip,5EF22AE229D87372F694505249385BD4DB097A7E04935FEC8A421A32C2EC82EE,website/compound-income-os-landing/index.html,OTHER,yes,yes,yes,no,EXPECTED_ENTRY|ALLOWED_ENTRY
compound_income_os_HANDOFF_20260427-163623_1bb6a1a.zip,5EF22AE229D87372F694505249385BD4DB097A7E04935FEC8A421A32C2EC82EE,website/compound-income-os-landing/package-lock.json,CONFIG,yes,yes,yes,no,EXPECTED_ENTRY|ALLOWED_ENTRY
compound_income_os_HANDOFF_20260427-163623_1bb6a1a.zip,5EF22AE229D87372F694505249385BD4DB097A7E04935FEC8A421A32C2EC82EE,website/compound-income-os-landing/package.json,CONFIG,yes,yes,yes,no,EXPECTED_ENTRY|ALLOWED_ENTRY
compound_income_os_HANDOFF_20260427-163623_1bb6a1a.zip,5EF22AE229D87372F694505249385BD4DB097A7E04935FEC8A421A32C2EC82EE,website/compound-income-os-landing/postcss.config.js,OTHER,yes,yes,yes,no,EXPECTED_ENTRY|ALLOWED_ENTRY
compound_income_os_HANDOFF_20260427-163623_1bb6a1a.zip,5EF22AE229D87372F694505249385BD4DB097A7E04935FEC8A421A32C2EC82EE,website/compound-income-os-landing/public/demo/README.md,PAYLOAD,yes,yes,yes,no,EXPECTED_ENTRY|ALLOWED_ENTRY
compound_income_os_HANDOFF_20260427-163623_1bb6a1a.zip,5EF22AE229D87372F694505249385BD4DB097A7E04935FEC8A421A32C2EC82EE,website/compound-income-os-landing/public/demo/readiness_payload.sample.json,PAYLOAD,yes,yes,yes,no,EXPECTED_ENTRY|ALLOWED_ENTRY
compound_income_os_HANDOFF_20260427-163623_1bb6a1a.zip,5EF22AE229D87372F694505249385BD4DB097A7E04935FEC8A421A32C2EC82EE,website/compound-income-os-landing/review_screenshots/01_home_wayfinder.png,SCREENSHOT,yes,yes,yes,no,EXPECTED_ENTRY|ALLOWED_ENTRY
compound_income_os_HANDOFF_20260427-163623_1bb6a1a.zip,5EF22AE229D87372F694505249385BD4DB097A7E04935FEC8A421A32C2EC82EE,website/compound-income-os-landing/review_screenshots/02_workflow_page.png,SCREENSHOT,yes,yes,yes,no,EXPECTED_ENTRY|ALLOWED_ENTRY
compound_income_os_HANDOFF_20260427-163623_1bb6a1a.zip,5EF22AE229D87372F694505249385BD4DB097A7E04935FEC8A421A32C2EC82EE,website/compound-income-os-landing/review_screenshots/03_evidence_page.png,SCREENSHOT,yes,yes,yes,no,EXPECTED_ENTRY|ALLOWED_ENTRY
compound_income_os_HANDOFF_20260427-163623_1bb6a1a.zip,5EF22AE229D87372F694505249385BD4DB097A7E04935FEC8A421A32C2EC82EE,website/compound-income-os-landing/review_screenshots/04_portfolio_page.png,SCREENSHOT,yes,yes,yes,no,EXPECTED_ENTRY|ALLOWED_ENTRY
compound_income_os_HANDOFF_20260427-163623_1bb6a1a.zip,5EF22AE229D87372F694505249385BD4DB097A7E04935FEC8A421A32C2EC82EE,website/compound-income-os-landing/review_screenshots/05_dashboard_page.png,SCREENSHOT,yes,yes,yes,no,EXPECTED_ENTRY|ALLOWED_ENTRY
compound_income_os_HANDOFF_20260427-163623_1bb6a1a.zip,5EF22AE229D87372F694505249385BD4DB097A7E04935FEC8A421A32C2EC82EE,website/compound-income-os-landing/review_screenshots/06_manifesto_page.png,SCREENSHOT,yes,yes,yes,no,EXPECTED_ENTRY|ALLOWED_ENTRY
compound_income_os_HANDOFF_20260427-163623_1bb6a1a.zip,5EF22AE229D87372F694505249385BD4DB097A7E04935FEC8A421A32C2EC82EE,website/compound-income-os-landing/review_screenshots/README.md,OTHER,yes,yes,yes,no,EXPECTED_ENTRY|ALLOWED_ENTRY
compound_income_os_HANDOFF_20260427-163623_1bb6a1a.zip,5EF22AE229D87372F694505249385BD4DB097A7E04935FEC8A421A32C2EC82EE,website/compound-income-os-landing/scripts/capture-screenshots.mjs,OTHER,yes,yes,yes,no,EXPECTED_ENTRY|ALLOWED_ENTRY
compound_income_os_HANDOFF_20260427-163623_1bb6a1a.zip,5EF22AE229D87372F694505249385BD4DB097A7E04935FEC8A421A32C2EC82EE,website/compound-income-os-landing/src/App.jsx,WEBSITE_SOURCE,yes,yes,yes,no,EXPECTED_ENTRY|ALLOWED_ENTRY
compound_income_os_HANDOFF_20260427-163623_1bb6a1a.zip,5EF22AE229D87372F694505249385BD4DB097A7E04935FEC8A421A32C2EC82EE,website/compound-income-os-landing/src/assets/wordmark-ink.svg,WEBSITE_SOURCE,yes,yes,yes,no,EXPECTED_ENTRY|ALLOWED_ENTRY
compound_income_os_HANDOFF_20260427-163623_1bb6a1a.zip,5EF22AE229D87372F694505249385BD4DB097A7E04935FEC8A421A32C2EC82EE,website/compound-income-os-landing/src/assets/wordmark-paper.svg,WEBSITE_SOURCE,yes,yes,yes,no,EXPECTED_ENTRY|ALLOWED_ENTRY
compound_income_os_HANDOFF_20260427-163623_1bb6a1a.zip,5EF22AE229D87372F694505249385BD4DB097A7E04935FEC8A421A32C2EC82EE,website/compound-income-os-landing/src/main.jsx,WEBSITE_SOURCE,yes,yes,yes,no,EXPECTED_ENTRY|ALLOWED_ENTRY
compound_income_os_HANDOFF_20260427-163623_1bb6a1a.zip,5EF22AE229D87372F694505249385BD4DB097A7E04935FEC8A421A32C2EC82EE,website/compound-income-os-landing/src/siteConfig.js,WEBSITE_SOURCE,yes,yes,yes,no,EXPECTED_ENTRY|ALLOWED_ENTRY
compound_income_os_HANDOFF_20260427-163623_1bb6a1a.zip,5EF22AE229D87372F694505249385BD4DB097A7E04935FEC8A421A32C2EC82EE,website/compound-income-os-landing/src/styles/design-tokens.css,WEBSITE_SOURCE,yes,yes,yes,no,EXPECTED_ENTRY|ALLOWED_ENTRY
compound_income_os_HANDOFF_20260427-163623_1bb6a1a.zip,5EF22AE229D87372F694505249385BD4DB097A7E04935FEC8A421A32C2EC82EE,website/compound-income-os-landing/src/styles/landing.css,WEBSITE_SOURCE,yes,yes,yes,no,EXPECTED_ENTRY|ALLOWED_ENTRY
compound_income_os_HANDOFF_20260427-163623_1bb6a1a.zip,5EF22AE229D87372F694505249385BD4DB097A7E04935FEC8A421A32C2EC82EE,website/compound-income-os-landing/tailwind.config.js,OTHER,yes,yes,yes,no,EXPECTED_ENTRY|ALLOWED_ENTRY
compound_income_os_HANDOFF_20260427-163623_1bb6a1a.zip,5EF22AE229D87372F694505249385BD4DB097A7E04935FEC8A421A32C2EC82EE,website/compound-income-os-landing/vite.config.js,OTHER,yes,yes,yes,no,EXPECTED_ENTRY|ALLOWED_ENTRY
